18,68,138,48.336,136.49,49.068,57,254,1048,150.033,509.551,372.703
4,12,27,61.479,187.891,73.677,11,38,206,158.988,598.311,559.151
36,117,258,73.819,193.626,77.521,91,352,1774,186.864,584.521,532.858
14,53,101,61.457,175.913,59.81,39,162,664,167.065,537.894,393.372
173,581,1298,55.109,148.312,60.692,480,2176,11847,152.791,555.278,553.801
26,102,211,67.113,206.583,75.406,80,340,1758,206.33,688.926,627.921
16,61,120,53.908,188.709,53.593,56,234,1364,188.769,722.784,610.183
4,16,31,57.563,181.661,60.85,12,55,287,183.472,627.116,558.889
1,12,31,29.961,162.639,83.686,4,49,218,130.168,671.688,585.239
73,266,620,53.965,168.893,56.042,234,940,6162,173.502,596.576,556.781
36,141,331,47.81,148.997,63.684,113,493,2571,150.875,521.851,494.115
7,22,45,64.197,181.383,59.655,19,72,390,179.609,585.743,512.835
10,30,52,77.889,183.683,65.106,22,88,408,173.672,536.18,513.435
66,269,564,60.82,194.891,72.05,202,886,4234,186.514,641.621,540.97
34,135,230,62.06,191.92,60.591,87,435,1824,160.356,617.812,481.56
19,69,114,75.645,196.711,61.767,50,236,1067,201.838,672.779,577.894
12,59,86,51.188,184.927,52.405,47,210,822,194.089,658.914,499.65
17,67,125,52.574,146.669,47.98,61,264,1049,187.496,580.701,402.697
24,94,169,59.666,175.628,63.273,79,330,1262,193.519,614.114,472.993
6,24,51,55.913,182.557,58.813,18,87,473,165.458,667.566,544.405
26,86,226,53.721,159.763,65.199,82,344,2022,171.366,642.148,583.384
37,124,301,73.531,184.677,71.758,107,464,2637,210.427,689.414,627.54
57,200,444,64.189,182.904,70.502,172,724,3561,192.279,662.977,565.363
32,120,223,72.357,209.909,70.834,87,405,1947,195.399,706.784,617.306
10,48,91,37.756,139.583,53.524,38,175,609,147.25,502.384,357.169
31,124,213,63.358,197.596,60.101,97,406,1983,196.656,645.202,558.463
9,24,48,112.131,233.896,83.608,20,72,331,247.31,692.946,571.854
14,51,79,89.415,251.558,74.731,34,140,590,222.444,683.843,557.695
13,35,95,69.304,161.861,68.76,34,122,747,183.959,563.721,541.201
9,30,59,75.37,232.14,71.036,24,93,525,214.371,717.78,632.042
37,131,278,51.602,166.224,49.681,135,515,3448,187.738,650.646,617.177
14,48,90,77.317,226.758,80.058,37,128,558,206.727,607.794,496.692
87,323,727,55.929,158.409,59.004,305,1310,7093,194.95,643.389,575.879
39,145,273,56.608,165.397,52.474,111,494,2143,161.247,564.304,411.755
6,22,29,103.299,271.091,74.874,14,60,232,252.281,730.577,594.18
57,228,457,57.977,185.373,63.618,173,805,3893,175.182,654.017,542.037
17,70,109,56.766,170.327,51.525,49,239,929,160.402,582.308,438.116
17,69,131,58.382,178.349,57.936,51,252,1262,170.724,653.151,557.883
55,233,427,53.442,180.818,53.342,186,837,4256,180.594,648.47,531.38
6,32,53,66.171,255.947,77.024,19,96,416,221.236,760.744,603.798
17,89,160,48.303,194.822,62.332,50,280,1193,143.611,610.973,463.55
7,24,36,97.708,261.543,79.33,15,65,262,220.714,714.92,569.772
23,92,171,47.664,148.277,46.301,63,289,1387,132.671,465.011,374.836
118,422,780,58.449,167.846,60.979,355,1457,6376,175.641,579.855,498.598
11,47,67,47.203,129.829,55.008,23,129,384,102.277,357.401,313.957
3,13,24,64.478,192.826,59.631,12,51,245,220.026,734.525,606.911
38,130,265,61.837,175.962,58.119,112,453,2458,184.045,612.548,539.104
31,119,224,58.29,182.401,58.478,96,416,2308,181.542,636.599,603.291
9,31,60,63.175,161.215,49.873,25,103,441,182.759,531.757,368.105
35,145,253,71.858,232.986,73.896,103,447,2072,213.926,720.52,604.803
3,14,21,75.421,232.427,68.11,8,39,169,183.034,664.784,543.541
18,68,135,48.108,135.339,47.755,60,260,1137,156.793,517.024,400.951
4,11,23,56.886,163.053,61.471,11,40,200,159.795,578.337,539.139
37,120,276,74.932,192.682,80.512,94,359,1807,189.373,577.218,527.693
13,49,86,54.938,160.987,50.646,41,172,699,175.46,560.402,410.53
204,655,1336,63.632,165.861,61.59,540,2206,11848,168.149,558.465,546.34
26,102,220,67.979,202.954,77.843,84,348,1754,215.55,694.074,619.989
19,69,139,64.449,206.526,61.426,62,248,1440,208.635,737.902,637.355
3,16,29,48.705,173.186,55.16,11,59,275,169.463,649.068,525.786
1,11,33,34.653,161.876,89.181,4,46,215,122.514,649.751,584.301
77,274,662,56.203,165.084,58.74,236,979,6086,171.702,590.095,539.709
32,122,275,41.268,126.086,52.186,119,523,2546,155.882,541.033,482.47
7,22,46,68.888,178.683,58.412,17,73,405,164.403,603.08,511.814
9,28,52,72.771,164.014,63.65,22,95,414,172.111,560.028,508.06
66,290,563,60.232,207.046,71.647,191,920,4390,175.495,656.824,558.261
31,128,223,56.391,179.956,58.508,89,436,1878,162.039,612.815,492.214
18,83,131,73.137,233.338,70.658,48,252,1028,195.953,712.631,552.562
17,67,97,71.276,206.721,58.403,46,214,816,194.739,660.288,492.952
18,64,137,54.279,140.969,52.647,66,260,1054,195.293,573.879,403.636
24,86,176,59.615,158.87,65.69,74,324,1276,184.191,595.772,475.079
7,24,54,64.795,177.938,61.535,19,86,452,174.09,638.077,515.779
25,94,216,51.009,168.248,61.86,79,356,1909,161.87,640.565,546.79
34,134,287,65.844,198.341,68.437,112,478,2690,218.073,707.125,642.12
54,191,385,60.237,172.448,60.76,164,733,3487,182.149,660.801,550.999
30,121,220,67.087,205.74,68.953,82,406,1938,185.624,690.293,608.333
10,47,92,40.312,134.545,53.524,35,177,643,137.503,507.433,373.632
35,125,264,70.962,193.884,73.638,99,410,1841,201.995,637.907,513.631
8,24,44,103.923,224.345,74.478,18,76,339,229.97,714.956,576.243
12,47,74,81.821,222.919,69.239,30,149,611,200.955,711.813,573.19
13,41,99,66.876,180.282,68.791,33,129,711,174.098,562.625,494.352
7,28,50,62.258,207.036,59.231,25,99,532,215.67,733.647,633.014
41,125,298,55.589,152.665,53.259,138,521,3147,188.221,637.892,562.411
14,46,91,80.395,210.921,79.368,36,130,560,203.31,596.785,490.229
86,323,661,54.891,157.617,53.577,299,1313,6910,190.07,641.408,559.801
32,124,255,44.956,139.356,48.322,105,482,2214,149.474,542.5,419.666
5,23,28,91.496,272.941,71.286,12,63,238,233.857,756.124,607.165
55,215,420,56.105,171.993,58.115,170,795,3901,172.421,635.106,539.708
20,72,120,68.094,173.486,55.878,52,246,919,173.96,591.356,428.716
19,72,155,65.41,184.138,67.558,56,262,1313,187.788,667.726,571.727
58,251,475,56.337,190.684,59.205,184,856,4379,177.508,650.398,545.43
6,28,53,68.887,218.302,76.816,18,94,437,202.576,736.924,632.518
19,81,183,51.969,175.124,70.508,51,273,1168,144.041,591.945,450.438
7,23,35,96.749,242.474,74.805,16,67,276,233.748,722.977,593.387
22,86,199,46.901,135.719,53.096,67,322,1438,140.84,505.983,384.253
113,405,774,55.423,157.064,59.61,340,1430,6465,166.871,554.831,497.565
11,41,64,46.687,115.67,51.48,26,124,387,112.817,348.467,310.155
3,14,25,64.629,201.045,60.237,11,50,248,199.495,711.052,608.065
33,136,263,53.556,179.704,57.001,97,487,2425,157.544,642.833,525.515
34,128,263,65.355,189.428,67.597,95,418,2368,180.663,618.951,608.745
9,35,68,65.779,176.853,56.703,22,106,437,157.804,545.344,362.068
42,156,321,87.158,246.133,92.696,117,478,2243,244.43,754.55,648.199
3,13,23,78.575,210.405,73.712,8,41,167,183.171,670.464,530.497
21,64,161,54.66,126.724,56.095,61,266,1254,159.748,526.256,436.939
4,12,23,59.821,160.979,61.099,10,42,208,146.72,574.423,557.079
36,114,273,70.835,177.724,76.944,92,395,2120,180.065,612.674,597.332
12,48,90,51.152,156.275,52.273,38,165,697,164.473,532.127,403.149
200,665,1395,60.806,167.423,63.854,533,2187,11879,162.028,550.198,543.667
29,105,214,74.487,207.018,74.576,81,351,1805,205.158,692.976,629.929
19,76,152,63.069,220.397,67.067,63,246,1474,209.427,714.419,650.695
3,17,28,50.043,185.58,52.84,11,58,276,164.13,632.011,515.899
1,12,32,39.544,186.946,87.97,4,45,222,127.021,689.295,608.994
81,291,802,57.603,169.437,69.583,239,1008,6382,170.062,585.913,553.466
33,118,278,43.069,118.655,51.321,113,517,2537,145.233,521.632,468.776
5,22,43,53.72,175.057,53.803,14,71,396,137.357,577.742,496.298
9,28,52,70.543,163.435,61.881,20,93,417,158.793,538.017,495.32
64,281,530,57.95,199.546,66.997,190,917,4537,172.415,652.046,573.549
33,130,241,59.268,182.568,62.555,94,435,2025,171.187,613.369,525.01
18,82,117,74.78,233.034,62.273,44,245,1060,182.66,692.791,562.753
18,67,113,76.12,205.527,67.643,45,214,898,194.527,653.495,536.751
20,64,149,60.96,141.565,56.174,57,252,1155,170.141,555.995,436.563
20,78,180,50.925,142.055,66.399,70,321,1318,175.912,588.008,486.077
7,23,53,67.226,165.684,59.398,21,88,473,191.361,640.062,535.076
25,87,202,50.499,151.306,57.379,77,360,1991,157.054,628.77,566.88
27,131,269,53.238,194.175,64.261,98,478,2625,191.13,706,627.074
51,210,399,55.67,188.878,62.844,155,737,3645,170.886,663.014,573.559
27,117,230,61.026,195.951,71.372,84,416,2093,191.804,697.072,649.88
11,47,97,44.827,134.969,55.685,39,171,679,154.336,490.363,388.664
34,137,256,70.381,209.482,70.287,97,429,1807,199.586,656.337,497.062
7,28,43,90.116,256.035,72.052,16,77,357,212.242,704.309,594.358
11,50,75,74.737,236.273,69.911,28,150,621,186.29,712.998,576.103
13,47,102,62.274,196.778,68.648,33,137,761,165.562,573.268,509.487
7,29,50,60.425,211.856,58.386,21,98,531,180.916,718.355,625.445
42,129,297,56.837,155.12,52.9,140,520,3255,187.698,624.097,580.608
12,42,81,66.533,186.735,69.279,31,128,595,180.885,571.488,509.422
85,348,671,53.77,169.526,54.2,297,1298,7037,187.494,632.971,568.822
38,132,316,52.926,146.615,58.665,107,498,2447,149.213,554.78,454.892
4,20,28,82.281,241.854,70.261,10,62,244,200.367,745.569,611.49
53,227,410,54.052,180.513,56.403,160,801,3885,163.662,637.076,534.861
18,78,131,62.46,185.528,60.386,51,233,938,174.139,555.151,431.921
19,71,144,63.066,179.445,61.891,55,254,1404,183.217,641.294,602.206
58,252,478,56.476,190.262,59.258,173,858,4477,166.85,648.453,555.515
5,25,45,58.854,199.872,64.421,17,92,437,197.872,730.46,632.546
17,63,190,46.099,136.047,71.978,49,245,1196,136.722,527.928,452.429
5,21,33,81.467,225.915,68.935,15,68,295,220.283,723.589,624.518
23,95,210,48.131,148.268,55.36,68,354,1587,143.426,551.061,417.646
108,428,851,52.479,162.777,64.124,347,1515,6864,169.129,576.487,517.347
12,51,75,52.263,141.518,57.142,27,125,415,120.789,349.123,318.218
3,16,27,64.29,227.127,65.506,10,51,257,186.31,714.039,622.632
31,141,276,50.115,182.715,58.935,87,497,2531,139.308,641.648,540.749
30,130,268,57.419,187.837,67.688,83,435,2403,157.84,628.51,607.444
9,35,64,64.939,181.79,52.817,23,104,429,164.745,538.26,353.272
38,154,277,80.494,241.206,79.019,107,484,2420,225.888,757.173,691.066
3,13,24,80.965,203.07,74.252,8,41,176,191.671,666.71,548.405
19,66,160,49.386,130.609,55.082,61,269,1274,159.487,534.311,439.526
4,13,24,59.613,169.716,62.492,10,43,221,148.154,580.497,578.911
30,110,256,56.86,166.512,68.985,90,400,2156,172.42,605.831,582.075
15,55,112,65.796,180.675,63.614,41,166,774,176.092,540.685,441.027
182,710,1539,55.341,173.875,69.786,487,2375,11972,147.934,581.314,543.031
27,107,216,68.639,208.385,73.441,71,353,1828,181.84,687.396,621.987
18,80,152,60.452,228.674,66.947,60,251,1467,201.099,718.179,645.445
3,15,29,49.046,158.965,53.309,11,59,293,161.926,635.021,540.402
1,14,32,35.282,200.386,85.609,5,52,231,136.044,723.25,626.065
73,295,756,51.716,167.073,63.969,234,1035,6727,166.459,586.429,569.127
36,142,322,44.968,140.957,57.497,115,535,2675,143.651,531.554,477.255
5,22,48,46.963,172.613,59.25,13,72,397,131.509,581.304,492.715
9,31,56,71.718,178.838,63.919,21,88,435,161.244,512.232,500.358
62,268,479,56.168,188.643,60.089,189,922,4403,171.324,648.097,552.734
28,136,233,50.42,192.973,59.443,81,433,2032,148.633,616.211,519.266
20,77,128,80.012,221.572,67.897,45,234,1040,183.902,670.093,551.174
17,63,111,72.943,194.592,65.726,45,218,933,192.13,670.488,553.812
20,65,133,57.922,146.464,49.683,54,245,1167,158.866,553.492,436.252
17,73,165,43.452,139.933,61.899,67,303,1378,173.685,577.967,517.197
6,24,53,59.719,177.747,59.682,20,89,510,189.42,666.888,572.618
25,97,198,50.319,165.98,55.978,75,367,2015,152.849,629.604,568.285
28,134,276,54.994,193.844,65.829,90,488,2545,175.309,702.722,607.831
47,227,423,52.68,205.36,66.302,148,758,3806,164.244,685.788,596.636
29,125,241,66.352,211.419,74.093,81,427,2130,185.824,719.822,655.4
11,48,94,44.346,140.389,53.196,37,160,674,142.269,471.601,383.249
31,146,246,64.16,224.344,67.067,86,426,1901,175.622,656.774,517.673
8,29,49,106.066,269.725,81.488,17,76,356,214.718,704.401,588.482
11,50,81,70.857,237.467,74.566,28,149,606,189.266,707.531,558.761
13,44,108,63.645,178.843,69.457,33,148,861,160.847,603.183,554.939
7,30,53,63.811,218.101,61.585,21,97,556,183.55,710.255,646.228
40,132,289,53.627,156.682,51.198,144,562,3385,194.446,666.188,600.204
11,39,79,64.16,173.356,66.941,30,132,566,170.256,580.682,478.725
84,352,689,52.898,166.938,55.641,306,1353,7142,192.407,642.43,576.736
35,130,303,48.101,144.741,55.02,105,492,2515,144.721,546.164,456.08
4,19,27,81.768,230.191,67.423,10,62,237,196.57,733.371,600.394
52,237,450,53.108,189.591,61.7,169,826,3916,172.436,660.751,537.245
15,69,130,50.287,165.495,59.351,46,222,943,157.179,534.364,431.303
19,64,128,62.206,163.041,53.531,54,240,1383,183.095,607.879,580.184
53,235,434,51.721,177.435,53.707,171,847,4453,165.537,638.632,550.53
5,24,48,53.542,191.059,69.484,18,93,442,204.052,742.473,642.259
16,69,169,45.149,149.869,62.722,52,254,1287,143.382,549.096,477.028
5,22,37,69.374,239.194,77.911,12,69,292,186.529,738.634,612.671
24,105,209,48.427,164.804,54.344,68,348,1689,139.366,549.113,438.654
104,429,926,49.852,160.544,68.005,345,1591,7164,165.523,594.922,525.948
12,55,77,50.726,150.86,57.059,26,134,466,113.085,367.721,344.002
3,17,27,65.54,234.449,65.733,11,52,262,203.969,730.492,632.21
31,136,275,49.531,173.272,57.61,94,478,2621,151.255,611.249,549.707
31,120,257,58.595,175.177,63.56,91,453,2321,171.309,659.278,574.694
7,32,60,53.86,168.598,49.19,23,101,440,165.779,538.376,360.391
29,140,230,60.742,221.429,65.026,92,453,2377,194.971,716.526,673.411
3,13,23,76.436,217.239,71.655,9,43,190,202.133,705.542,586.106
19,65,156,48.496,130.18,53.316,58,261,1205,149.648,522.224,412.686
4,13,24,59.415,176.945,61.871,10,46,232,151.618,614.515,586.544
26,104,241,49.593,155.235,62.496,88,390,2127,165.876,584.966,552.038
17,56,117,70.434,189.391,65.817,40,164,808,169.973,550.467,454.109
186,717,1526,57.343,170.077,68.528,505,2478,11703,155.357,587.773,525.363
28,115,229,72.791,222.492,75.501,70,357,1933,179.943,690.083,638.275
21,76,149,69.162,216.509,65.715,57,254,1501,193.489,720.749,660.502
3,14,30,43.679,150.188,54.986,11,60,311,157.286,650.733,568.141
1,16,32,35.9,196.714,85.072,5,58,229,140.71,705.022,605.132
69,281,720,49.641,158.209,59.796,233,1052,6732,167.877,591.57,559.122
35,141,332,42.581,140.672,57.682,118,536,2865,142.974,535.289,497.36
6,24,61,59.309,189.226,73.98,14,77,410,140.983,612.007,500.62
9,30,55,65.886,181.967,61.131,19,85,398,141.979,513.853,445.774
64,269,535,58.106,187.763,66.82,179,935,4437,163.986,652.063,553.842
27,119,233,49.517,172.042,58.849,80,421,2098,149.127,610.039,528.753
18,70,140,72.165,203.32,74.413,43,227,1035,171.487,660.425,549.697
16,65,111,69.977,200.433,65.603,42,214,925,179.887,665.238,546.006
17,65,136,48.529,150.53,50.236,55,250,1146,160.976,580.822,422.685
17,74,167,44.454,146.334,64.296,62,303,1380,167.811,598.891,529.941
6,25,54,57.233,195.333,60.716,19,85,493,176.279,664.677,550.637
25,110,226,52.065,186.554,63.35,75,388,2035,156.396,658.853,569.768
30,147,306,59.683,204.598,72.748,95,516,2657,185.171,720.181,632.406
50,209,426,55.798,190.475,66.59,143,741,3758,161.354,677.108,587.101
31,130,245,69.97,222.357,74.836,75,425,2108,172.338,728.757,643.569
10,47,92,38.763,143.575,52.244,32,160,679,122.597,482.821,386.748
29,121,237,58.283,191.311,64.132,81,405,1955,163.528,638.877,528.317
6,25,45,81.705,240.881,73.67,15,71,355,187.655,675.925,580.875
10,43,76,65.324,205.634,69.78,27,142,604,180.779,677.898,556.16
13,43,109,63.25,175.809,68.017,32,147,904,149.985,600.754,561.583
7,30,57,62.736,221.715,65.893,20,99,570,180.397,737.446,656.746
38,136,301,51.605,159.365,53.132,131,561,3295,179.893,658.523,582.009
11,41,76,65.394,180.143,63.228,29,134,548,167.997,592.614,457.197
74,342,663,46.523,157.062,53.474,300,1417,7177,190.026,650.329,578.877
31,140,302,42.194,153.77,53.24,103,486,2521,141.319,535.358,445.044
4,20,29,79.162,226.675,74.801,11,67,243,212.102,753.957,623.889
55,233,484,56.584,189.95,66.099,175,811,3883,180.476,661.159,530.75
14,66,123,46.617,159.616,55.641,43,227,971,144.946,553.553,440.948
16,61,134,53.22,157.523,55.007,52,237,1457,175.421,610.971,598.119
50,234,422,49.104,176.506,52.116,174,847,4532,171.174,639.052,559.561
5,24,48,54.753,187.727,69.757,18,95,450,216.156,751.338,659.035
18,76,179,50.189,165.344,64.766,53,267,1370,145.298,583.308,496.456
5,21,36,69.027,227.206,74.122,12,66,292,187.071,721.211,602.754
27,112,238,55.037,180.016,60.784,67,323,1654,135.564,520.139,421.836
105,398,856,50.082,147.32,61.278,311,1565,7079,147.784,579.668,506.78
11,47,74,43.256,127.475,52.929,24,131,463,98.515,353.614,330.841
3,15,27,59.708,213.532,64.2,11,49,262,213.506,712.18,631.237
30,142,288,48.824,177.788,59.649,98,520,2686,159.327,651.29,555.789
30,116,260,56.829,172.867,63.044,96,434,2379,179.041,645.1,576.374
6,30,60,45.712,166.562,48.721,21,100,449,151.423,547.924,367.768
30,144,260,64.407,232.38,72.9,92,449,2322,195.825,724.08,651.813
3,13,25,80.591,216.913,76.331,9,42,192,204.537,707.964,585.848
17,65,158,45.596,131.019,53.541,50,262,1234,130.411,524.713,419.022
3,13,25,55.828,173.506,62.7,9,47,241,142.873,616.401,597.247
32,118,259,60.259,175.244,65.195,86,407,2241,160.495,604.926,564.538
12,48,101,53.003,163.035,56.089,34,158,811,147.727,539.559,450.748
179,714,1389,55.925,167.796,61.817,475,2462,11946,147.934,578.177,531.786
27,117,222,68.692,224.637,71.56,74,371,2045,190.211,712.626,659.816
18,69,152,62.254,193.955,66.909,54,247,1476,184.208,694.144,650.3
3,16,33,47.075,175.769,59.029,11,62,324,155.207,673.484,582.316
1,16,31,32.611,189.924,80.549,6,61,238,153.966,724.457,622.009
66,273,764,47.918,153.641,62.827,221,1037,6794,161.544,583.154,558.734
32,137,325,38.451,136.703,55.37,108,543,3041,130.885,543.697,517.629
5,23,59,56.627,176.606,71.275,12,75,420,126.381,586.108,506.842
8,28,51,56.848,168.84,56.055,16,84,414,123.087,512.013,453.21
56,269,547,51.677,186.413,68.021,173,936,4672,159.574,648.42,580.553
28,111,222,52.391,164.313,55.601,84,394,2092,156.929,582.004,522.993
15,63,127,63.025,185.544,67.039,38,226,1075,155.06,662.992,567.394
14,65,108,59.693,202.764,63.234,36,212,911,154.87,660.102,533.082
14,57,129,40.892,133.612,46.817,47,228,1144,138.291,535.685,416.704
15,74,163,40.798,143.756,61.665,57,309,1320,153.695,601.894,498.513
5,23,50,51.358,180.761,55.336,17,80,494,164.574,637.889,549.718
22,104,234,46.143,173.899,65.245,69,394,2101,147.155,659.286,586.445
27,142,278,52.871,193.146,65.941,92,521,2722,181.047,710.929,645.171
47,191,406,54.051,175.825,63.4,136,720,3706,156.827,662.734,578.553
29,135,267,66.999,234.199,80.598,74,422,2208,171.562,732.96,667.362
10,47,91,38.166,141.02,51.818,31,161,705,118.886,487.232,399.426
28,115,232,57.267,184.529,61.922,74,388,1978,150.721,621.834,529.12
5,25,44,70.306,234.436,70.069,15,71,381,187.962,677.006,612.808
9,40,74,63.224,194.039,68.151,24,139,643,163.565,667.643,588.741
13,42,111,60.903,175.389,67.306,31,142,917,143.896,586.179,557.071
6,27,53,56.276,204.233,60.891,20,99,584,184.554,747.499,668.993
32,144,313,44.403,167.673,55.414,108,545,3254,151.703,634.844,575.622
10,43,75,58.826,189.559,61.244,26,132,581,152.864,582.5,477.012
74,377,702,47.594,170.141,56.168,271,1453,7276,174.098,655.152,582.02
31,151,328,42.541,163.078,56.694,103,533,2744,141.497,575.16,474.51
3,20,26,68.583,222.449,67.355,10,67,238,204.315,754.633,608.302
53,219,483,55.685,181.221,65.753,155,780,3947,162.48,644.735,536.916
14,69,122,47.52,168.448,54.782,39,232,957,131.92,568.779,429.381
17,69,161,58.505,179.343,64.845,50,250,1563,167.914,652.234,630.821
48,235,444,48.208,177.369,54.703,167,858,4592,167.164,646.9,565.763
4,23,42,53.3,179.341,62.022,17,94,437,207.367,747.971,641.926
16,73,180,44.096,158.435,63.746,48,246,1403,134.625,535.365,498.095
4,20,34,64.178,225.117,69.422,11,65,296,173.78,713.324,598.64
22,98,223,44.242,158.354,55.721,62,332,1673,124.395,538.306,418.704
103,402,810,48.697,148.642,56.81,298,1554,7117,141.405,574.975,499.229
10,48,77,41.421,127.423,52.909,19,114,449,76.273,303.587,307.939
3,13,24,54.883,194.481,57.467,10,50,264,203.587,738.384,633.308
32,156,302,51.658,189.816,61.992,91,528,2763,148.488,644.344,566.946
29,124,278,54.588,184.731,66.086,84,424,2547,159.159,629.284,606.549
6,29,63,46.736,164.037,51.712,19,94,476,139.421,529.296,388.714
30,135,248,65.646,219.893,68.768,86,437,2300,187.692,712.598,638.489
3,12,24,73.804,194.89,70.937,8,38,185,178.705,644.675,557.218
16,70,162,41.228,137.476,54.504,48,275,1334,126.953,544.142,448.369
3,13,28,53.149,169.41,67.956,9,47,243,142.249,604.975,593.676
29,125,253,54.003,182.37,62.588,80,407,2211,147.954,593.499,545.999
11,46,101,49.024,155.692,55.45,36,165,815,153.404,559.389,447.981
166,709,1492,52.708,163.641,66.106,444,2589,12185,141.084,597.891,539.929
24,111,230,63.222,210.276,72.814,78,367,2085,202.168,695.135,661.121
17,72,164,59.198,199.151,71.918,53,247,1436,185.573,678.574,630.761
3,18,36,48.625,189.766,63.95,11,64,334,163.498,685.302,591.796
1,15,31,30.374,170.425,81.007,6,62,245,156.269,718.151,635.336
58,263,745,43.277,146.02,60.793,206,1027,6692,152.962,569.056,545.769
28,152,341,33.761,150.202,57.186,112,590,3112,135.565,581.764,521.856
5,21,53,58.328,163.376,63.751,11,75,422,116.426,572.083,509.469
7,27,54,51.639,163.506,57.948,17,86,458,129.079,524.995,491.859
46,257,500,43.227,175.927,61.925,162,948,4647,151.623,648.798,576.019
27,115,225,50.059,170.025,55.684,76,393,2050,144.088,579.423,508.2
16,67,132,66.7,197.873,69.215,42,235,1132,173.365,690.611,594.293
13,62,108,56.813,193.713,62.715,37,213,977,159.31,663.354,566.621
13,61,137,38.304,142.07,49.481,41,217,1111,122.115,506.385,400.959
13,78,162,36.341,149.602,59.523,57,323,1362,152.644,616.74,501.62
4,22,50,40.648,177.168,55.219,15,82,524,145.682,653.392,580.783
17,93,220,37.011,151.675,61.041,64,377,2098,140.231,617.446,580.933
24,144,242,47.388,189.734,56.778,84,549,2764,168.916,723.853,648.337
41,183,412,48.983,167.941,64.288,123,693,3739,145.592,637.311,583.917
24,121,254,57.662,210.83,76,62,391,2191,147.036,681.297,655.14
9,44,96,36.76,132.353,53.815,32,175,746,127.018,529.934,419.628
25,110,238,51.485,176.175,62.945,67,382,2005,139.247,610.063,529.534
6,26,47,82.346,245.91,74.862,16,73,390,213.9,690.721,619.493
8,40,76,56.546,190.481,68.774,20,136,624,138.093,649.759,566.67
12,41,109,54.03,167.621,65.331,33,149,978,152.945,603.239,586.273
5,26,53,50.915,193.082,59.803,19,100,598,178.313,749.719,679.122
26,138,314,37.087,158.704,55.411,107,566,3246,151.727,649.59,573.682
11,43,87,66.38,187.111,70.472,26,130,616,156.238,571.096,500.492
82,410,799,53.117,180.997,63.56,258,1501,7365,168.298,663.191,585.712
25,139,310,33.999,146.469,52.773,93,553,2939,128.268,583.546,499.845
3,18,24,52.888,206.121,60.289,9,64,235,189.776,718.013,594.601
49,216,463,51.88,178.021,62.568,141,793,4003,149.916,653.715,540.796
15,69,140,49.625,167.798,62.107,41,242,1066,138.606,591.198,473.118
18,72,181,63.266,187.06,72.196,52,258,1594,177.487,666.889,635.839
41,229,455,42.148,170.745,55.588,164,890,4737,167.318,663.075,578.138
4,23,46,48.641,180.264,68.366,15,91,427,182.873,711.699,627.768
14,76,202,39.765,162.395,70.259,44,250,1402,124.504,533.191,488.22
4,21,38,67.374,233.478,75.94,10,64,305,158.483,706.606,609.292
16,88,215,32.775,141.834,53.004,56,332,1732,113.851,534.022,427.708
98,404,850,46.258,147.576,58.535,298,1601,7483,140.854,584.896,515.238
8,47,74,33.107,124.197,49.607,17,121,461,67.317,320.927,307.192
2,14,26,49.236,201.489,61.576,9,50,264,183.951,735.617,628.699
31,163,319,50.702,194.401,64.66,79,503,2653,130.986,602.145,538.253
25,111,251,47.439,162.606,58.819,73,416,2581,140.316,607.681,605.419
6,27,67,44.535,154.325,54.764,17,94,475,132.275,534.537,386.623
24,121,234,54.253,196.747,64.3,84,442,2376,186.235,718.12,654.178
3,12,23,69.572,195.402,67.462,7,38,195,170.61,623.268,574.094
16,71,178,42.954,136.931,59.574,46,270,1359,121.178,523.092,453.932
3,13,28,49.068,155.243,66.921,8,48,237,136.673,591.777,570.994
26,119,269,48.839,169.961,65.492,73,389,2112,136.111,555.831,513.64
11,43,102,45.373,142.325,55.747,33,165,778,142.648,546.72,424.3
167,689,1566,53.891,159.286,68.771,434,2639,12132,139.948,609.933,532.718
22,110,227,56.775,200.714,71.143,67,383,2135,176.615,696.043,668.721
14,70,148,48.163,186.19,64.641,50,258,1439,177.511,687.567,629.783
3,16,34,47.576,166.474,60.212,11,63,342,161.389,667.032,597.308
1,15,33,33.187,172.128,83.361,5,62,249,140.908,719.922,635.069
59,255,739,44.363,137.989,59.789,192,1051,6642,143.584,567.965,537.283
30,148,320,36.474,141.278,53.133,116,609,3068,141.985,579.192,509.359
5,22,53,54.901,171.435,64.573,12,78,412,129.236,598.007,498.318
7,28,58,52.252,165.144,62.131,17,94,479,131.468,546.691,509.799
43,247,475,41.126,169.129,58.627,145,974,4634,137.47,666.792,572.305
23,112,245,44.075,159.884,60.638,67,422,2117,127.022,602.228,523.095
13,69,124,54.367,198.193,65.084,41,239,1123,172.996,682.483,588.512
12,59,110,53.515,179.168,63.713,36,209,1026,156.881,631.648,593.119
14,63,143,40.812,140.341,51.265,44,221,1126,130.25,495.586,404.889
12,75,154,33.993,142.045,55.753,55,313,1341,150.719,593.687,486.639
4,21,47,40.908,166.44,52.476,13,83,537,137.251,651.257,594.696
15,85,202,33.011,138.202,55.403,58,364,2028,128.073,590.871,555.114
25,152,286,51.559,199.067,66.044,77,569,2907,155.803,743.319,672.268
37,173,430,44.943,157.628,67.16,110,687,3756,133.482,626.153,586.951
20,102,219,48.572,175.71,64.904,54,389,2128,131.65,666.929,630.867
9,45,99,37.544,135.374,55.592,31,178,764,123.885,529.283,428.032
22,95,210,46.176,148.171,55.016,72,389,2043,151.595,604.984,534.991
5,25,45,66.455,229.349,71.696,14,73,387,191.534,659.24,611.882
7,39,67,46.005,180.012,60.167,19,136,603,136.617,633.659,545.509
11,47,123,53.828,181.316,73.404,31,150,992,144.679,584.455,590.514
5,26,53,52.443,187.295,59.684,18,104,597,176.409,740.946,675.188
27,127,310,39.21,145.157,54.479,106,565,3370,152.7,646.041,592.669
9,37,79,54.549,162.337,63.713,23,129,596,144.924,562.468,478.671
75,371,758,49.692,165.97,59.926,253,1490,7371,167.483,665.952,582.758
26,136,317,36.244,138.005,53.428,89,584,3072,122.592,592.034,517.597
2,18,25,45.539,197.554,61.808,8,65,249,165.768,702.807,626.427
43,205,457,46.436,169.194,61.45,127,794,4131,137.778,653.975,555.054
14,68,147,47.6,163.227,64.768,43,255,1109,147.198,608.151,488.214
15,66,175,51.3,165.237,69.31,50,269,1642,173.055,671.368,650.317
40,226,459,41.563,165.809,55.505,152,902,4798,157.845,662.771,580.06
4,23,51,45.936,180.93,74.789,13,91,442,160.018,701.253,645.904
14,70,218,38.834,145.044,74.866,43,266,1415,122.105,552.055,485.719
4,19,38,64.395,202.611,74.443,10,65,308,155.241,699.16,609.03
18,90,225,36.975,140.026,55.051,55,332,1719,112.832,513.709,421.354
97,415,849,45.767,147.425,57.6,284,1666,7724,133.537,592.309,523.8
10,44,70,40.029,115.325,45.753,19,123,429,75.767,324.497,280.761
2,14,26,48.488,198.5,62.537,8,53,271,174.392,726.73,645.856
30,163,330,50.151,188.26,66.259,81,558,2710,135.061,644.746,544.598
22,107,226,42.856,151.606,52.178,70,435,2650,136.077,616.028,612.832
6,26,62,42.456,141.62,50.238,19,99,503,144.584,539.392,409.422
20,107,228,45.325,168.068,62.708,74,447,2503,167.77,704.535,687.457
2,11,21,58.568,179.367,62.602,7,37,192,166.959,593.332,561.255
14,64,128,35.191,120.055,42.083,43,274,1375,111.804,511.119,450.579
3,13,30,44.337,162.691,70.16,9,47,241,144.376,609.214,567.032
25,116,271,45.853,165.755,67.529,69,392,2128,128.113,559.211,530.022
9,37,80,37.348,116.3,43.224,29,160,777,123.953,505.475,419.623
172,705,1432,53.704,161.07,61.416,447,2557,12372,139.768,583.841,530.477
18,105,225,45.294,191.736,70.09,60,390,2063,152.151,710.213,642.311
13,61,147,43.84,168.844,62.548,55,258,1517,188.011,707.796,645.263
3,14,28,38.039,139.631,48.824,10,66,330,140.366,665.509,566.45
1,17,41,36.024,173.919,101.44,5,75,255,156.435,760.597,638.551
55,257,616,39.802,132.776,48.508,174,1117,6873,125.885,577.401,540.8
31,134,266,38.157,125.532,44.276,95,575,2978,115.505,539.075,496.588
5,23,55,47.378,174.257,62.365,15,81,447,149.193,606.023,509.294
6,27,57,42.285,158.897,59.645,16,86,525,117.876,495.791,548.683
41,229,465,38.49,164.406,56.895,141,904,4756,131.54,648.266,582.393
19,111,233,35.911,152.636,57.056,60,441,2215,111.321,607.542,542.647
10,64,130,40.192,186.223,66.829,36,231,1093,150.953,670.742,562.271
10,51,101,41.161,158.279,57.497,30,202,957,125.069,631.29,543.358
12,51,111,35.037,112.75,39.791,42,236,1190,123.831,517.807,426.706
12,72,146,32.528,136.29,51.905,52,311,1392,141.586,592.001,495.35
3,19,43,35.337,144.615,46.991,12,80,538,122.354,620.942,589.033
15,76,156,32.307,122.933,41.771,60,400,2210,128.973,643.243,590.466
24,146,310,48.84,191.12,71.755,78,545,2900,157.172,713.721,671.269
33,161,388,39.831,148.143,60.993,106,685,3646,128.118,629.111,572.839
18,99,219,42.122,172.934,64.143,57,380,2147,133.285,666.012,627.847
9,40,81,34.949,119.654,44.248,29,168,762,115.878,504.339,418.923
20,90,170,41.381,137.329,44.49,69,396,1982,143.425,605.04,518.377
4,21,45,53.021,195.304,68.901,13,74,416,168.826,694.795,639.074
5,32,57,35.395,157.958,50.11,18,131,633,123.288,640.379,553.976
11,50,138,51.748,177.252,79.661,31,165,985,141.153,588.544,568.467
5,22,47,45.98,161.518,53.109,18,101,577,167.219,736.397,653.187
33,126,323,46.126,144.938,55.909,124,556,3499,172.367,641.408,604.745
7,37,75,42.561,166.36,57.834,21,123,577,123.959,548.323,446.238
62,318,716,41.565,141.94,56.567,250,1466,7302,166.807,655.208,577.176
29,125,266,38.988,124.245,43.534,96,619,3026,127.275,614.699,495.975
2,18,29,36.699,205.995,69.43,7,64,260,133.707,722.075,615.071
36,188,461,38.691,153.472,62.035,125,770,4135,133.315,627.559,555.993
11,61,152,34.92,144.955,64.918,38,241,1084,124.491,573.369,463.798
12,69,179,40.071,168.524,70.416,41,263,1654,140.889,643.781,650.135
40,213,508,40.648,151.582,60.777,134,909,4835,137.418,648.245,578.445
3,25,54,42.05,190.4,79.676,12,94,453,149.332,712.747,664.171
14,66,159,38.361,128.675,53.455,42,290,1532,116.291,568.826,516.437
3,16,39,53.174,173.075,76.417,10,62,294,162.25,688.7,576.703
18,92,212,35.52,136.501,51.608,54,356,1777,106.794,526.525,432.263
85,417,815,37.976,145.256,53.689,268,1681,8078,119.54,585.42,531.865
10,39,52,36.983,106.842,33.838,21,111,433,79.922,307.321,282.626
2,13,24,43.899,180.115,56.662,8,54,266,180.472,741.478,633.154
26,139,279,42.514,158.651,54.462,80,578,2907,129.525,661.071,568.078
24,122,259,44.484,167.694,59.298,72,465,2660,135.142,637.68,608.117
5,27,54,36.06,145.2,42.976,19,103,499,142.376,543.936,398.818
17,92,229,37.208,149.482,62.202,61,424,2491,133.948,686.418,677.281
2,11,22,40.973,170.561,60.506,6,37,191,147.735,592.841,532.419
13,62,125,32.715,114.617,40.509,44,283,1400,113.569,526.524,455.585
2,13,33,38.07,160.942,76.94,8,48,256,133.937,594.723,592.789
20,101,249,38.128,142.05,61.033,70,405,2232,130.667,570.529,547.481
7,38,82,31.712,119.244,44.123,29,161,786,122.475,507.112,421.398
133,685,1401,42.105,154.648,59.2,413,2557,12529,130.775,577.558,529.578
15,100,225,38.081,180.04,68.842,53,379,2067,134.001,680.78,632.196
11,60,160,39.093,162.144,67.885,51,255,1561,176.348,688.584,660.55
2,16,34,33.217,159.69,58.193,10,65,326,138.716,637.305,551.397
1,17,45,31.812,176.412,109.703,5,73,268,147.899,751.25,650.756
42,258,655,30.753,131.767,50.743,172,1164,7100,124.469,594.085,549.654
25,127,270,29.783,116.63,44.369,90,572,3068,108.669,527.262,505.041
4,24,53,43.7,177.264,59.592,12,79,480,124.398,571.228,541.175
5,25,56,35.739,144.97,57.509,16,83,529,113.132,477.634,545.624
37,214,516,35.035,153.247,62.756,139,893,4877,131.39,640.817,593.661
19,113,236,35.822,155.038,57.37,61,451,2240,112.758,618.214,545.268
8,56,123,34.127,162.76,62.715,35,232,1169,145.892,671.099,597.408
8,42,93,35.806,131.536,52.622,28,193,962,116.912,601.369,542.482
11,55,126,33.091,118.951,45.071,37,258,1308,108.785,560.747,466.662
12,73,162,31.811,139.993,56.921,49,310,1493,133.268,590.678,525.687
3,20,50,33.204,153.098,54.436,12,81,525,124.431,628.248,571.782
15,84,198,32.002,133.361,52.333,67,415,2356,146.656,660.849,621.615
20,125,300,40.584,162.882,68.631,77,533,2969,155.889,692.767,679.585
31,153,398,37.845,139.662,62.283,109,684,3670,133.547,623.001,574.166
16,94,218,37.852,165.174,63.119,56,367,2185,131.036,642.369,631.91
8,38,80,31.438,114.025,43.541,32,182,780,130.056,540.978,426.202
17,89,202,35.962,135.288,52.438,61,396,2075,128.307,605.708,539.419
4,20,45,48.862,184.631,69.05,11,74,419,154.857,690.612,637.901
6,33,69,38.852,159.078,60.195,17,131,661,114.52,635.498,573.33
9,47,141,40.466,165.558,80.17,30,168,996,136.058,594.695,566.595
4,24,49,40.906,169.78,55.022,15,102,594,143.863,736.177,668.155
28,139,331,39.519,158.244,56.785,124,556,3499,174.72,634.005,600.476
8,35,82,45.102,152.873,62.532,21,126,649,126.877,556.993,498.204
53,292,735,36.089,130.3,57.62,244,1461,7438,165.572,651.676,582.908
24,118,245,31.914,115.46,39.676,95,619,3071,124.789,603.999,497.205
2,18,30,37.233,197.047,69.129,6,65,266,127.788,710.172,618.183
31,175,453,32.92,142.287,60.727,127,777,4143,136.167,631.127,554.779
11,63,178,35.084,149.738,75.309,32,238,1156,106.771,562.341,490.071
10,66,171,34.791,159.957,66.39,36,254,1646,125.001,619.868,638.882
38,201,468,39.322,143.038,55.713,130,904,4944,134.496,642.825,588.176
3,25,51,38.733,192.164,75.066,12,97,457,157.417,734.588,668.024
13,68,154,35.926,132.633,51.395,44,311,1596,121.751,605.351,530.894
3,16,40,43.136,176.876,76.577,9,62,314,141.293,678.202,607.92
17,84,209,32.816,122.237,50.363,51,340,1699,101.693,497.397,409.303
80,414,852,35.108,141.769,54.992,270,1652,8040,119.092,565.653,519.248
7,39,59,27.04,106.257,37.693,20,121,509,75.034,334.248,325.211
2,12,22,41.699,170.145,52.388,8,52,257,172.473,711.522,608.946
19,123,260,30.946,139.457,50.155,75,562,3052,121.479,635.013,588.362
22,122,296,40.988,166.371,66.789,68,461,2647,129.225,626.055,596.533
5,28,58,35.407,147.162,46.636,18,106,467,134.529,559.86,372.734
16,91,234,34.873,147.159,63.122,67,426,2418,148.316,690.561,652.279
2,11,23,43.706,174.552,64.291,6,39,205,141.133,620.382,563.214
13,65,170,34.81,120.707,54.973,43,273,1435,112.061,508.91,463.78
2,11,29,26.819,132.743,65.755,6,47,253,104.716,564.36,582.109
19,97,272,34.657,134.579,65.686,70,416,2277,129.013,576.562,549.72
7,38,91,27.498,120.025,48.315,26,176,805,109.981,551.033,429.584
95,653,1559,30.527,146.444,64.924,362,2567,12683,116.041,575.645,528.317
14,92,219,34.053,162.923,65.662,53,387,2183,130.968,685.219,655.201
8,54,152,29.034,144.25,63.805,41,250,1555,141.787,665.436,654.582
2,16,36,30.112,155.689,60.708,8,63,353,117.35,619.947,587.76
1,17,48,25.481,181.231,112.72,4,70,284,119.397,734.639,668.362
38,236,734,27.777,119.558,55.911,177,1151,7211,127.869,583.648,549.081
19,121,305,23.393,110.41,49.554,94,582,3135,112.526,528.62,509.231
3,22,60,35.164,158.554,67.116,11,80,477,112.237,574.078,532.305
5,23,59,35.866,131.548,59.548,16,86,523,112.682,495.345,532.24
27,190,472,25.646,136.116,57.159,129,891,4915,123.742,639.012,595.224
19,107,252,34.717,145.067,61.041,65,461,2268,120.341,627.278,548.421
8,48,103,31.191,138.207,52.436,30,236,1204,124.172,675.956,611.803
8,44,114,32.785,134.533,64.087,27,191,1035,115.474,589.92,581.471
10,60,144,30.835,129.642,50.991,34,261,1312,100.43,562.503,465.91
11,60,155,31.172,115.719,54.16,48,292,1485,130.25,559.822,517.474
3,19,50,32.386,150.001,54.684,12,83,532,123.592,641.099,576.761
13,83,224,27.678,131.07,58.474,61,409,2405,133.576,648.512,626.745
16,115,272,32.773,148.762,61.563,71,545,3066,144.917,703.182,693.528
25,150,396,30.725,135.333,61.655,104,703,3739,128.883,634.553,582.44
13,79,204,31.388,137.912,58.309,51,370,2222,119.046,646.898,635.876
7,38,96,27.905,113.131,52.164,29,192,816,116.671,568.804,443.289
17,90,227,35.464,136.702,58.677,59,398,2127,123.956,607.31,549.773
4,20,47,48.061,180.043,70.514,10,73,423,132.356,671.018,637.903
6,34,79,38.713,164.948,67.88,17,131,707,113.233,633.362,608.083
7,40,129,31.144,140.728,72.21,28,168,1058,127.593,589.455,591.534
5,27,55,46.174,191.676,61.654,15,103,623,147.581,732.202,696.263
20,126,347,28.458,142.262,59.201,96,523,3520,136.406,590.729,599.817
7,32,87,39.155,139.777,66.641,20,129,709,119.072,564.251,542.014
47,289,754,32.268,129.021,58.554,209,1427,7704,143.545,636.291,598.324
23,129,319,29.701,124.2,51.002,89,597,3245,116.333,572.91,518.807
2,17,30,45.672,175.73,68.676,6,68,272,117.181,707.587,617.892
28,168,426,29.761,135.934,56.789,111,777,4312,119.528,628.565,575.162
10,57,159,31.492,134.477,66.594,31,242,1210,100.024,566.743,507.893
10,60,165,33.587,144.99,63.34,37,255,1624,127.065,619.596,623.19
32,205,462,33.907,146.917,54.722,125,900,5054,130.857,644.153,598.146
2,24,50,31.902,178.553,72.692,11,92,430,142.68,693.75,624.819
11,62,163,30.091,118.669,53.456,42,314,1591,116.86,604.135,522.201
2,16,36,36.067,169.422,69.287,7,59,320,105.171,643.621,610.704
16,81,204,31.027,116.242,48.697,50,333,1697,98.931,479.984,405.158
71,389,945,30.839,131.183,59.875,263,1652,7912,114.617,557.431,501.435
7,42,71,26.683,114.481,44.346,22,127,552,78.162,344.648,346.517
2,12,23,43.923,159.711,55.106,7,51,261,148.252,692.715,616.831
20,143,337,32.205,159.922,64.131,74,571,3088,119.632,639.446,587.559
18,110,310,34.691,148.418,68.987,61,448,2584,115.968,606.779,574.351
5,24,67,35.64,125.306,53.35,15,99,487,111.368,522.613,388.326
17,99,254,38.74,159.91,67.966,68,426,2461,151.183,689.914,659.356
2,11,26,49.149,167.051,70.255,5,41,216,123.071,636.927,583.802
11,57,164,28.38,107.296,52.709,40,275,1488,105.302,513.594,477.377
1,11,27,21.159,126.565,62.223,6,50,257,92.25,596.526,590.511
18,96,304,33.703,130.317,71.998,65,425,2357,118.999,580.156,558.651
6,33,89,26.311,102.292,47.106,23,176,836,99.033,550.346,444.04
85,582,1460,27.535,130.143,59.793,370,2577,13257,120.096,576.724,542.839
14,81,234,33.547,141.288,68.762,58,388,2251,142.541,674.605,662.429
8,54,144,27.116,141.506,60.618,37,250,1541,127.665,655.836,646.806
2,14,32,25.313,141.004,52.72,7,64,370,106.105,634.588,605.807
1,14,40,25.131,148.989,91.885,4,68,309,126.295,728.814,708.7
39,214,755,27.882,107.953,56.399,170,1155,7592,122.65,582.886,567.141
20,131,355,23.309,118.028,56.934,89,596,3295,106.027,537.903,528.01
2,18,57,24.875,127.535,63.213,11,83,472,112.036,591.333,521.956
5,22,61,34.473,124.594,61.326,15,87,518,107.902,500.383,518.022
23,183,454,22.51,131.531,54.716,114,857,4988,109.832,614.713,601.159
16,98,250,30.367,132.678,59.996,62,457,2263,114.394,617.254,543.389
6,49,105,26.205,138.085,53.126,26,241,1178,108.136,682.905,595.168
7,45,122,28.744,137.813,68.551,27,200,1038,111.839,612.669,580.722
8,56,138,24.231,118.245,48.637,31,259,1258,90.25,550.726,444.239
10,53,166,26.182,101.306,57.326,45,291,1524,123.475,559.703,525.741
3,17,46,27.444,133.903,49.391,11,85,583,118.578,663.875,628.188
12,75,243,26.81,119.171,62.714,57,399,2427,125.402,634.117,625.113
15,112,255,30.192,143.66,57.146,65,549,2952,132.999,701.478,660.481
19,142,349,24.436,127.711,54.064,92,703,3763,115.64,630.212,583.725
10,77,198,23.752,135.379,56.184,45,370,2245,106.709,647.196,635.989
6,34,101,22.653,101.48,54.641,24,178,822,98.145,526.747,444.567
13,85,222,26.827,130.245,56.969,51,394,2108,109.118,600.367,541.287
3,17,45,34.965,157.218,67.736,8,72,418,111.899,650.058,625.107
4,33,78,27.906,158.171,66.445,16,136,724,105.294,647.038,618.161
7,36,116,30.981,125.181,63.266,30,168,1079,135.936,583.145,590.467
4,24,59,36.354,171.699,65.45,15,100,620,146.323,709.662,688.244
23,106,357,32.783,119.22,60.442,100,541,3630,143.077,607.351,614.544
4,30,84,26.393,130.594,63.781,16,128,686,97.071,558.452,521.82
39,267,795,27.422,119.176,61.182,185,1369,7799,128.559,611.377,600.447
20,129,352,25.303,122.004,55.596,78,582,3179,101.694,552.189,501.484
2,15,30,35.376,146.907,66.927,6,70,277,109.23,700.006,616.711
25,160,460,27.407,129.775,61.045,102,766,4348,110.072,619.629,577.131
7,48,146,21.205,112.402,60.519,34,254,1250,108.939,591.277,519.629
10,56,167,33.572,135.392,63.397,38,260,1615,129.222,629.221,611.222
25,194,499,26.593,139.986,58.734,121,891,5168,128.709,644.236,608.353
2,21,46,28.612,163.914,65.871,10,86,425,132.055,652.97,612.822
9,55,170,25.649,105.78,55.024,35,305,1572,96.264,585.193,507.746
2,14,36,30.058,154.64,68.467,6,60,314,92.906,643.874,592.965
13,81,200,24.885,114.984,47.22,47,371,1916,93.479,529.931,453.389
66,349,981,28.214,115.97,60.846,252,1689,8202,108.077,561.135,508.848
7,42,75,24.736,113.265,46.108,19,136,572,67.559,366.057,352.073
2,11,26,36.453,148.89,62.034,6,53,273,137.618,715.009,643.459
17,136,331,27.734,151.169,62.195,70,556,2981,112.04,620.388,560.488
15,94,273,29.198,127.287,59.872,55,438,2643,104.393,590.326,578.739
4,23,72,34.493,119.657,57.771,13,101,493,96.657,529.983,393.651
17,103,256,38.605,165.087,68.128,63,427,2530,140.173,688.236,674.105
2,9,25,35.055,143.355,68.509,5,41,221,106.009,635.544,593.744
8,51,129,21.734,96.451,40.992,33,276,1470,87.635,519.877,468.289
2,10,31,25.524,122.95,71.58,7,52,261,110.359,625.68,594.498
16,92,265,29.036,123.608,61.514,57,418,2390,104.49,563.783,554.693
7,31,82,27.608,96.447,43.442,22,165,838,93.427,515.952,442.007
83,528,1510,27.289,118.472,60.73,334,2534,13820,109.246,568.452,555.763
13,74,248,32.014,125.563,71.255,52,397,2202,125.471,675.645,633.877
8,50,153,27.417,129.962,64.05,39,259,1546,136.064,671.776,647.578
2,12,32,24.25,124.622,52.046,7,62,356,103.614,623.749,572.91
1,12,34,24.443,128.463,76.483,4,70,320,131.834,742.094,718.599
38,204,767,26.868,103.029,55.977,150,1168,8051,107.235,588.541,587.573
18,118,319,21.835,105.544,50.315,76,614,3369,89.337,550.591,531.472
2,15,45,24.752,106.659,48.633,10,78,450,105.542,555.186,490.448
4,21,56,29.849,118.856,54.83,15,83,498,102.493,475.04,489.26
25,168,457,24.232,120.729,54.862,101,840,4884,98.818,605.312,586.601
14,93,218,26.476,124.821,52.065,54,444,2263,100.57,597.122,540.129
6,46,112,25.715,129.976,56.305,25,237,1189,101.621,664.441,597.286
6,41,95,25.063,123.774,52.658,25,195,1021,104.506,593.299,568.77
8,48,150,23.601,101.411,52.504,28,240,1293,82.445,506.878,453.896
9,54,188,24.332,105.449,64.249,40,297,1569,107.479,579.268,535.71
2,15,44,25.229,120.665,46.921,12,84,601,124.749,663.417,643.87
12,70,247,25.581,112.531,62.836,55,392,2474,120.927,626.202,630.706
15,99,274,29.849,125.82,60.714,60,545,2752,122.104,691.495,608.854
21,128,325,26.3,114.924,50.193,84,677,3756,106.891,607.678,579.609
9,76,203,22.03,133.259,56.975,46,375,2288,107.088,656.448,642.262
5,30,90,21.704,88.995,48.639,21,158,785,87.802,469.304,422.215
11,83,217,22.843,125.705,55.287,46,390,2127,98.257,593.196,542.651
2,16,42,26.006,140.88,62.536,7,69,423,99,615.581,626.241
4,28,74,23.255,132.498,62.764,13,133,739,88.821,628.152,626.79
7,34,108,30.158,117.148,57.901,30,164,1065,136.67,568.111,568.478
3,20,60,26.819,141.245,65.937,13,98,618,131.211,689.185,682.687
23,102,306,32.424,114.242,51.462,97,570,3605,138.76,636.914,606.341
4,27,85,25.933,120.457,64.61,16,127,665,93.954,557.909,502.515
36,258,779,25.103,115.859,59.538,179,1371,7594,125.722,615.091,580.051
16,116,306,20.77,108.915,47.526,64,593,3134,81.887,557.702,487.479
2,14,28,29.569,131.906,61.473,6,73,281,118.477,702.011,615.086
22,143,463,24.481,116.591,61.107,95,752,4262,103.268,611.822,562.808
7,48,142,21.077,110.447,58.438,32,249,1179,102.231,576.794,485.755
9,52,174,30.508,124.798,64.854,34,261,1701,116.821,630.203,633.147
24,181,494,25.3,132.574,57.897,106,873,5152,113.41,639.467,603.244
2,18,43,28.562,138.314,61.564,10,84,442,132.325,652.166,632.536
9,55,176,25.645,105.026,55.735,32,305,1528,88.75,585.919,484.445
2,14,36,26.273,145.523,67.196,7,63,333,103.85,671.039,622.973
11,73,206,21.778,104.301,48.14,41,359,1981,81.68,510.8,463.712
70,327,907,29.765,107.004,54.974,235,1678,8587,99.607,548.639,520.341
7,37,68,22.606,98.491,40.761,16,132,581,54.414,347.655,350.404
1,12,25,27.548,154.992,58.917,6,52,271,131.56,706.481,638.03
14,103,281,21.867,114.345,52.299,67,544,2961,106.51,606.608,550.582
15,86,236,27.41,115.67,50.718,57,436,2903,106.548,584.453,623.892
4,22,61,28.689,114.648,48.68,13,106,529,99.725,560.559,422.864
14,91,250,30.631,145.664,66.358,50,414,2459,112.509,662.646,651.895
1,8,21,29.353,131.503,56.17,5,39,217,107.247,621.494,581.484
6,47,115,16.727,90.798,36.442,31,265,1361,80.751,507.567,430.638
2,8,30,25.925,104.522,67.19,6,47,254,102.264,589.27,572.372
13,85,206,22.834,114.558,46.826,44,403,2454,79.452,540.061,557.833
5,31,86,21.433,98.216,45.223,21,157,810,89.306,494.301,424.526
71,468,1549,23.255,106.419,61.505,276,2380,13570,90.773,541.022,538.836
11,69,213,26.029,115.298,60.003,43,380,2205,101.592,637.519,620.977
8,44,155,28.165,113.353,65.017,31,262,1512,112.103,673.734,633.45
1,10,37,20.792,105.431,58.894,6,56,354,90.482,570.991,559.575
1,12,36,18.849,131.68,80.295,3,69,325,97.047,736.286,716.415
31,196,753,22.035,99.447,53.644,129,1134,8038,91.488,574.96,572.993
15,97,265,17.309,87.591,41.096,59,599,3201,68.965,539.044,496.733
2,13,42,23.464,98.573,45.822,9,70,430,90.966,520.089,464.351
4,19,53,25.557,107.031,50.875,13,84,510,89.258,479.226,491.273
23,150,428,22.504,109.095,51.39,98,834,4794,96.632,607.63,575.339
11,85,198,20.729,114.366,47.065,50,442,2282,93.231,594.18,541.819
6,43,118,24.601,119.51,59.111,23,234,1237,94.179,651.749,618.6
6,39,76,23.615,119.633,41.88,24,192,1097,102.705,587.199,608.295
7,47,143,20.786,100.382,50.009,32,239,1234,93.474,508.418,430.555
10,50,189,26.013,100.216,63.996,39,280,1608,105.474,555.759,544.25
2,14,49,24.187,116.104,52.062,11,81,565,117.085,648.563,603.456
9,71,219,19.86,114.505,55.419,44,385,2378,97.295,623.168,601.778
12,102,324,25.634,129.307,71.053,55,551,2847,113.111,695.651,624.845
18,120,345,23.609,108.278,52.972,81,660,3731,103.931,595.823,572.954
9,70,184,21.551,122.189,51.128,44,381,2313,103.838,664.734,644.248
4,28,80,16.763,83.927,42.544,19,155,730,76.866,466.845,390.266
10,77,207,22.096,117.49,52.443,47,385,2170,99.1,590.355,550.673
2,16,45,29.054,146.474,65.068,8,69,423,110.506,619.825,618.213
4,24,64,24.311,111.204,53.809,14,133,768,89.929,624.403,647.048
6,32,92,25.913,110.411,47.927,28,153,1056,122.761,532.525,550.841
2,17,50,22.845,120.116,54.737,11,99,621,114.928,692.327,681.661
15,100,249,21.928,112.425,41.802,73,547,3424,105.469,612.76,574.044
5,26,90,27.613,115.605,67.376,16,122,695,99.103,543.507,522.953
31,245,741,22.125,111.563,56.362,161,1376,7626,113.717,625.993,579.902
13,95,281,16.193,90.094,43.063,57,564,3091,72.54,534.693,473.2
1,13,29,28.204,127.351,61.678,6,70,294,119.369,686.83,634.339
20,141,430,21.642,115.948,56.507,81,731,4240,88.879,599.347,557.509
7,42,126,20.934,97.253,51.322,27,223,1102,87.149,519.402,449.87
8,50,186,27.882,119.387,67.798,29,262,1734,99.515,628.007,632.846
20,161,428,21.155,119.946,49.98,93,837,5119,100.211,622.691,597.18
2,15,45,23.184,119.772,63.853,9,86,457,121,673.472,650.527
8,56,172,21.068,108.757,53.507,32,291,1538,85.736,565.285,477.77
2,12,37,28.739,129.613,68.194,7,60,344,106.58,647.242,637.556
9,72,198,18.467,102.205,45.897,40,347,1982,79.414,495.809,458.38
57,299,783,23.792,96.886,46.499,212,1624,8687,88.621,526.637,515.772
6,34,62,18.703,87.414,36.87,15,145,549,52.502,374.122,323.686
1,11,24,25.957,152.058,57.547,6,52,270,128.562,689.996,633.893
13,96,286,20.815,108.508,52.75,64,547,3002,102.021,616.045,552.838
12,80,253,22.958,106.961,53.248,47,428,2889,88.584,573.739,608.037
3,21,47,21.379,110.927,37.288,14,101,521,106.958,543.74,417.689
12,88,248,26.337,140.274,65.562,49,430,2479,108.957,685.899,654.545
1,8,22,28.606,128.254,59.397,4,38,208,97.263,612.815,554.482
6,41,137,15.429,79.276,43.044,33,259,1417,88.801,501.778,445.571
1,9,29,22.121,112.556,63.536,6,42,254,100.999,556.846,563.491
10,84,223,18.459,113.059,49.747,46,393,2478,82.615,526.139,552.015
5,29,99,21.166,93.238,51.364,21,152,814,89.169,481.525,423.468
61,428,1322,20.063,98.982,51.848,272,2320,13984,89.523,536.579,548.548
9,72,212,20.685,122.331,58.323,42,371,2351,97.486,626.648,647.916
7,44,136,26.768,111.777,56.75,32,261,1551,114.239,670.33,647.281
1,10,39,17.905,100.877,60.292,6,52,357,83.838,547.802,555.134
1,12,40,19.711,136.243,86.673,3,63,326,84.22,697.096,701.681
29,195,713,20.254,99.537,49.674,140,1106,7936,98.615,564.294,552.971
11,87,279,12.692,78.294,42.611,67,561,3189,77.627,507.115,486.481
2,14,44,21.465,112.616,47.192,8,71,444,81.292,551.336,475.36
3,18,60,23.067,103.873,56.546,14,88,544,90.723,494.443,512.483
24,164,481,23.861,121.586,57.571,104,807,4930,103.343,596.757,590.249
9,79,201,15.836,106.914,47.466,50,444,2261,92.113,598.263,533.249
5,51,128,22.511,142.515,63.874,24,233,1270,96.847,649.104,632.088
6,37,89,23.925,112.689,49.053,24,193,1140,102.735,595.348,629.405
5,42,135,16.134,89.485,46.842,35,231,1204,102.528,492.709,417.41
8,49,179,22.62,100.253,60.004,37,267,1618,101.929,542.719,543.425
2,13,50,22.559,105.019,52.94,10,80,559,112.442,642.862,593.707
7,64,201,14.387,104.579,50.426,43,360,2287,94.778,590.777,574.11
11,112,296,21.78,140.954,64.379,62,559,2985,127.164,705.078,649.147
14,106,342,18.125,96.405,52.227,83,648,3750,107.627,588.989,572.114
7,63,164,16.984,109.393,45.305,42,376,2264,97.787,654.569,624.627
3,26,79,12.497,79.058,42.25,19,144,773,76.495,442.394,411.232
9,61,201,18.617,94.896,50.607,51,360,2177,107.986,557.805,548.71
3,15,49,37.25,138.508,70.804,10,71,425,128.184,643.751,612.57
3,27,61,21.726,125.368,50.612,16,134,763,102.059,629.435,637.299
5,33,101,23.309,117.469,51.619,22,142,1030,96.311,499.426,524.508
2,18,51,19.831,129.419,55.15,11,99,622,112.973,693.347,675.605
11,99,248,15.426,111.144,41.3,75,534,3420,108.664,599.069,569.878
4,24,76,22.213,108.7,56.807,17,118,710,103.241,533.727,530.437
25,211,716,17.893,98.013,54.09,138,1338,7720,98.545,620.698,582.889
10,77,285,13.109,73.376,42.783,70,519,3183,88.112,495.673,478.497
1,12,27,20.727,124.887,58.252,6,66,296,109.712,675.756,635.239
15,139,392,17.096,114.075,51.347,82,713,4189,91.344,586.831,547.961
6,42,141,19.702,99.26,57.081,28,223,1184,88.754,525.957,480.536
9,52,200,29.426,124.925,71.783,31,262,1755,105.408,627.02,628.773
14,137,389,15.036,103.175,45.17,93,801,5230,100.557,603.045,607.9
2,16,44,22.5,124.833,61.724,8,86,452,110.114,679.64,638.766
6,58,162,15.708,114.437,49.271,32,272,1584,86.479,533.246,482.258
2,13,38,34.719,135.73,69.878,8,60,351,112.738,644.444,645.901
8,65,196,16.623,94.164,44.625,46,351,2044,90.109,505.238,466.27
39,280,722,15.954,90.615,42,213,1594,8891,87.706,516.495,517.437
5,35,79,17.5,89.224,45.241,17,142,552,57.712,361.651,317.621
1,12,26,25.314,160.275,61.961,6,53,279,136.244,709.071,653.367
12,95,277,18.993,107.667,50.508,60,517,3081,96.235,588.471,561.591
12,78,283,22.929,105.47,58.204,54,447,2887,100.488,604.051,594.159
2,17,50,16.717,92.818,40.211,13,97,507,100.96,533.107,407.773
10,90,239,22.697,144.368,62.755,48,428,2528,107.274,684.277,664.238
1,7,22,26.812,119.045,58.809,4,35,200,96.836,577.554,533.717
6,40,145,15.82,79.102,45.332,35,250,1528,92.51,490.145,477.141
1,9,30,20.743,127.273,65.57,5,39,259,89.598,538.472,569.93
10,74,231,18.277,98.74,50.204,47,373,2533,84.843,494.278,550.705
5,29,98,20.434,92.716,50.637,21,150,840,86.841,477.96,433.692
56,437,1455,18.454,102.822,56.456,252,2346,14513,83.305,551.764,563.171
10,89,296,22.656,151.006,79.689,45,382,2478,105.369,649.849,668.053
5,47,131,19.253,121.266,54.621,34,265,1604,125.965,684.33,666.8
1,10,40,15.594,103.802,60.736,7,53,372,94.301,564.076,570.241
1,12,47,18.879,136.719,99.935,3,62,331,87.363,707.984,697.831
22,162,632,15.468,82.841,43.09,145,1028,7984,101.228,524.194,544.755
12,89,289,13.322,80.272,43.314,72,528,3460,83.354,477.824,519.424
2,14,45,21.916,116.01,47.406,7,69,471,71.757,555.282,501.942
3,18,57,17.519,99.184,52.442,12,85,547,78.403,471.125,501.711
19,152,473,19.464,114.036,56.405,98,769,5125,98.62,578.034,611.513
8,75,184,14.286,101.067,42.974,50,443,2300,92.515,599.914,537.925
5,51,120,21.464,142.492,59.263,26,237,1266,106.772,663.595,626.557
5,33,85,19.1,102.309,46.586,25,192,1090,104.031,596.127,599.046
5,38,129,16.097,80.96,44.57,34,213,1236,99.337,457.617,425.553
7,51,188,18.609,106.011,63.033,40,270,1605,109.71,563.673,537.146
2,14,55,23.677,116.449,57.792,10,78,560,111.507,633.645,589.881
6,51,184,12.919,85.31,45.906,44,358,2493,96.23,596.965,621.979
10,110,277,19.875,138.29,59.553,61,543,3051,126.448,684.166,656.155
12,105,332,15.706,95.999,50.273,78,653,3801,102.118,598.169,574.848
7,62,174,15.458,107.98,47.557,40,375,2251,92.667,655.143,613.987
3,24,80,12.143,73.568,42.608,21,135,823,87.101,419.286,436.1
8,55,194,16.468,85.895,48.413,50,339,2111,106.794,532.921,528.161
2,15,49,31.361,140.608,69.051,10,68,436,133.334,620.404,620.851
3,26,62,18.64,123.545,51.779,15,133,747,95.273,625.064,618.972
4,29,105,17.984,102.827,52.526,18,148,1075,80.631,521.036,535.177
2,21,55,20.045,146.187,59.392,11,98,631,116.61,690.35,676.599
10,87,263,15.016,98.552,43.694,75,518,3385,110.074,588.86,563.225
3,21,66,18.29,96.802,48.953,16,110,678,97.945,502.256,501.354
20,188,680,14.643,89.665,51.276,127,1237,7455,92.295,590.894,562.209
12,88,312,15.308,82.796,46.064,78,542,3420,98.682,511.476,505.557
1,12,27,22.96,130.674,57.122,5,65,285,100.749,689.185,605.818
15,126,364,16.626,104.382,47.252,86,687,4218,96.009,567.862,548.114
5,45,140,17.133,108.258,56.516,28,222,1272,89.061,528.112,512.87
7,53,199,24.175,127.46,69.935,31,253,1750,105.851,607.956,616.226
15,146,398,16.268,111.349,45.996,85,781,5189,93.146,594.778,600.393
1,15,44,19.159,120.079,61.725,8,81,441,103.914,650.421,619.332
6,58,171,15.778,114.912,51.183,34,259,1780,91.963,509.475,531.858
2,13,34,26.041,138.665,61.281,7,60,346,99.862,649.095,628.669
9,56,193,17.355,81.645,43.433,48,337,2073,93.527,488.417,466.67
32,257,734,13.058,83.001,41.81,202,1557,8941,81.976,502.471,509.575
5,32,72,15.126,80.917,40.533,16,127,551,50.921,319.92,309.764
1,11,29,29.074,143.437,66.656,6,52,281,152.118,704.855,656.353
10,89,265,16.261,101.547,47.844,57,497,3041,91.255,568.139,548.655
13,82,272,24.861,111.319,54.771,60,443,3037,111.257,600.807,610.847
2,15,49,15.742,84.107,39.766,12,89,503,97.199,503.535,406.158
9,91,235,21.064,145.84,61.335,46,412,2460,104.643,661.739,641.599
1,6,19,26.741,111.35,51.029,5,32,197,103.587,546.971,525.621
6,46,167,14.954,91.556,51.754,31,232,1536,82.234,458.341,476.373
1,9,31,18.621,124.159,69.08,5,38,260,87.305,534.787,570.019
10,68,212,17.082,88.482,44.944,45,375,2540,79.122,490.376,538.643
4,26,93,15.611,81.723,47.751,20,152,859,84.06,486.64,440.504
54,439,1586,17.963,105.087,61.192,268,2275,13932,88.679,544.955,537.543
9,82,302,20.096,138.803,79.749,46,368,2470,106.916,624.899,653.031
5,46,138,18.267,120.496,57.373,30,251,1555,112.419,656.066,645.867
1,10,39,15.278,108.746,59.795,7,55,402,100.906,590.881,609.333
0,10,43,12.41,118.555,90.032,3,61,330,92.621,705.65,689.267
18,139,564,12.621,71.218,37.828,131,970,8198,90.983,495.611,550.292
12,87,298,13.644,78.469,44.173,63,518,3544,72.638,467.978,524.51
2,15,52,17.741,124.541,55.123,6,61,467,59.659,501.291,496.893
3,19,58,16.987,101.8,51.494,12,91,574,79.355,494.768,512.399
15,129,445,15.302,98.879,53.136,84,734,5089,85.535,560.663,607.356
9,75,228,17.589,102.467,52.771,49,411,2306,91.592,557.915,534.667
5,42,105,21.865,117.517,51.533,28,226,1267,113.756,639.489,623.466
5,33,86,19.031,103.917,46.949,24,188,1038,103.014,586.579,568.052
6,42,142,16.932,91.261,48.658,33,223,1355,96.198,481.976,464.227
5,41,168,14.001,86.652,56.315,36,246,1553,99.299,525.318,519.158
2,13,51,21.423,108.807,53.304,9,73,568,103.555,600.677,594.449
6,51,189,13.844,86.22,47.059,41,339,2414,90.649,574.406,600.694
8,93,261,17.514,118.084,55.841,52,505,3037,108.323,640.643,648.778
12,112,362,16.395,103.858,54.301,69,658,3821,91.089,610.395,573.946
7,65,193,16.862,114.992,52.203,48,371,2404,110.281,652.369,649.86
3,25,89,13.669,78.299,46.992,19,132,799,80.492,416.831,421.761
8,59,199,17.987,94.608,49.468,43,338,2151,91.863,539.529,534.831
2,15,50,25.067,136.499,70.431,9,69,440,116.395,629.371,617.633
3,24,64,18.488,112.255,52.299,16,129,733,99.709,607.552,603.564
4,29,121,18.408,103.114,59.262,22,152,1161,92.776,537.127,567.26
2,20,54,20.994,143.947,57.363,10,97,631,108.636,688.907,667.526
10,72,244,14.872,84.209,40.661,64,505,3407,94.044,586.44,568.899
3,23,68,16.844,105.052,49.762,14,104,669,82.644,482.511,489.942
22,188,645,16.083,92.753,48.918,128,1139,7168,94.999,560.652,543.354
12,93,341,14.679,86.918,49.62,73,586,3644,91.94,549.38,530.745
1,12,27,23.611,127.134,56.925,5,62,282,94.21,677.646,596.223
14,114,377,16.114,94.725,48.679,86,691,4264,96.263,576.05,551.318
5,42,130,16.398,100.305,51.894,26,216,1196,82.342,517.984,478.713
7,51,192,23.492,122.764,66.528,32,242,1790,106.983,583.418,621.307
15,131,406,16.937,101.027,46.827,84,726,4885,91.754,561.483,563.143
1,15,43,17.832,123.285,59.925,8,81,445,104.157,661.744,621.708
5,46,169,14.292,92.061,49.504,34,250,1792,90.061,495.743,526.097
1,11,30,19.651,118.609,54.461,6,55,329,92.351,598.205,590.874
8,63,205,16.254,91.514,45.564,47,354,2102,91.206,515.268,467.428
36,259,779,14.346,83.054,43.618,226,1583,9370,91.013,507.88,524.542
5,31,70,15.679,76.728,38.259,18,132,592,56.698,324.851,324.884
1,9,27,25.606,122.835,63.128,6,50,277,135.764,676.712,642.475
10,82,267,15.199,94.035,47.823,57,507,3057,90.745,583.341,547.688
11,75,282,20.069,101.77,55.612,54,393,3050,99.594,531.902,602.125
2,15,46,17.428,87.561,37.304,12,84,498,96.124,483.52,402.934
8,74,217,18.72,120.776,56.299,49,409,2490,111.125,663.505,644.92
1,7,22,23.695,124.825,59.449,4,33,212,96.786,579.152,561.282