20,18,2,59.732,62.325,0.914,24,62,73,63.662,124.672,25.967,49,119,141,127.535,237.88,50.275
4,2,0,77.736,84.25,1.625,8,15,26,110.781,239.907,71.362,13,24,46,188.73,389.026,124.566
25,18,3,64.179,60.101,1.364,38,91,122,77.371,151.78,36.657,82,166,215,169.646,275.435,64.64
13,10,1,66.71,71.089,0.991,19,50,57,79.67,164.807,33.891,37,87,104,157.567,288.856,61.51
158,126,17,58.786,62.674,1.437,241,631,978,76.595,160.916,45.736,443,1109,1670,141.067,282.887,78.068
23,16,3,75.936,81.015,1.986,38,107,168,98.228,216.673,60.119,75,181,300,195.456,365.715,107.298
20,11,2,83.099,82.243,1.34,27,76,94,92.197,236.209,42.218,52,125,158,175.776,388.189,70.859
4,3,0,79.415,72.098,1.161,6,19,20,94.062,220.55,39.56,12,29,36,181.989,332.364,70.945
2,3,0,68.901,81.651,1.692,2,18,26,74.326,241.396,69.323,5,28,40,148.342,376.138,106.759
77,52,8,67.541,64.396,1.167,115,279,526,85.194,176.802,47.513,217,470,900,161.342,298.324,81.349
40,26,4,59.333,47.582,1.259,51,123,165,68.659,130.115,31.782,106,226,331,142.048,238.536,63.636
6,5,0,70.172,89.015,0.719,11,21,37,102.273,169.993,49.01,19,37,59,180.861,302.008,77.044
7,5,1,63.64,54.264,1.324,10,21,25,79.185,124.741,31.031,19,40,42,146.283,243.653,52.747
58,46,5,62.369,68.658,1.266,82,241,253,76.09,174.317,32.348,156,409,462,144.562,296.121,58.985
25,24,4,54.761,75.355,1.268,40,121,148,73.669,171.92,39.114,76,200,245,139.502,284.4,64.789
12,14,1,53.682,71.458,1.062,17,46,56,71.008,131.444,30.436,33,91,104,133.929,258.775,56.274
11,12,1,51.272,76.829,1.083,18,44,46,73.894,139.181,27.944,32,81,87,132.367,254.418,52.901
19,13,2,69.493,62.944,1.165,27,64,99,81.571,141.548,38.175,53,119,177,163.226,262.076,67.751
20,21,2,56.358,79.103,0.922,28,92,89,69.216,170.381,33.271,53,148,154,130.157,275.17,57.805
8,5,1,83.056,103.52,1.254,11,30,46,105.597,232.175,53.34,20,49,68,187.569,373.413,77.963
28,19,3,66.743,71.553,1.289,38,104,113,78.684,194.34,32.664,70,163,237,147.458,303.073,68.399
31,22,3,77.447,81.665,1.578,54,165,201,105.302,245.414,47.945,102,257,472,201.511,381.879,112.412
51,39,4,67.834,76.569,1.363,83,202,312,92.345,184.877,49.524,153,353,539,170.32,323.818,85.498
26,19,3,68.649,71.466,1.477,40,100,126,89.218,174.902,39.95,77,174,225,173.02,303.352,71.283
11,11,1,45.486,53.306,0.893,16,45,47,60.446,129.855,27.446,28,77,80,110.088,220.615,46.78
30,21,3,71.002,72.608,1.367,37,117,163,74.293,185.535,45.91,79,198,280,161.483,314.762,78.729
6,4,0,90.805,101.967,1.216,10,21,39,120.712,206.639,67.083,17,36,52,210.749,351.514,90.021
9,7,1,66.346,59.926,1.122,14,32,39,91.303,156.064,36.56,25,56,67,164.229,271.688,62.889
12,6,1,84.232,60.78,1.509,18,39,78,95.757,182.867,56.828,36,63,115,196.742,290.153,83.078
8,5,1,88.15,111.396,1.592,13,35,61,117.852,273.08,73.608,23,58,94,205.242,446.083,113.104
43,25,4,66.24,59.723,1.156,53,142,164,73.316,178.881,29.299,101,233,279,140.301,293.961,49.959
11,8,1,82.554,104.922,1.428,18,40,53,103.467,189.767,47.416,34,71,81,190.314,338.012,72.406
93,81,8,68.483,80.16,1.177,137,437,593,87.551,214.4,48.169,250,684,1010,159.821,335.951,82.012
46,30,4,78.134,68.075,1.055,58,151,190,84.415,172.157,36.594,116,234,315,169.718,266.983,60.515
3,3,0,69.59,84.486,0.925,4,13,11,75.777,153.455,29.425,9,24,19,161.848,288.019,49.459
56,42,4,66.158,73.043,1.167,86,224,299,87.426,182.232,41.688,151,374,500,153.261,303.353,69.599
17,14,1,63.342,66.686,1.037,25,64,70,81.258,155.086,33.051,46,105,119,153.422,254.671,55.984
17,12,2,69.408,75.348,1.439,28,85,149,93.118,221.709,65.73,52,140,214,173.815,364.412,94.699
60,47,5,66.53,75.078,1.021,84,228,270,81.782,176.562,33.748,157,386,477,152.37,299.531,59.498
5,4,1,78.864,100.183,1.456,9,38,39,108.629,299.258,56.975,16,58,64,182.929,457.112,92.868
20,18,2,65.633,80.487,1.039,25,75,91,72.508,164.647,35.231,46,127,153,134.372,277.537,59.593
5,4,0,83.853,85.799,0.966,7,13,13,95.658,146.648,27.378,12,26,23,176.48,283.539,50.207
22,20,2,50.895,55.023,1.044,30,83,106,63.729,133.951,28.782,58,131,164,121.494,210.736,44.399
114,77,14,65.191,55.505,1.399,129,323,377,63.776,128.555,29.508,281,560,641,139.097,222.794,50.138
10,12,1,44.975,52.627,1.309,12,34,26,52.963,95.254,21.456,25,75,48,110.808,207.679,39.256
4,2,0,103.502,104.433,1.459,7,19,26,133.166,269.528,63.394,12,31,41,226.901,445.581,101.018
38,27,3,73.392,74.95,1.189,51,131,170,84.252,177.012,37.254,94,219,259,154.747,295.692,56.811
31,19,3,71.435,71.117,1.606,48,139,184,91.051,212.184,48.161,93,236,346,176.449,361.625,90.454
9,6,1,72.889,62.673,0.931,12,29,38,86.249,146.717,31.698,24,54,63,169.217,278.694,52.376
30,23,2,71.661,82.539,1.232,37,99,109,77.073,159.801,31.789,76,186,192,158.386,300.036,56.146
3,2,0,64.353,70.639,1.172,3,9,10,71.356,155.898,32.719,7,17,20,144.565,287.935,63.79
19,16,2,57.088,58.363,1.287,25,69,81,64.254,137.853,28.499,51,127,156,134.02,252.083,55.134
4,2,0,77.867,76.329,1.374,8,16,26,120.174,230.09,70.333,13,25,43,184.432,360.904,115.565
27,17,3,66.348,56.403,1.31,42,93,134,83.331,149.255,39.126,83,163,233,165.624,261.7,68.067
12,10,1,57.542,63.78,1.293,20,49,61,84.435,160.746,36.007,34,91,103,146.591,296.537,60.498
169,139,13,61.018,66.741,1.087,273,641,1019,85.16,162.333,46.98,469,1099,1625,146.025,278.214,74.923
24,16,2,79.195,79.464,1.742,38,95,140,98.274,189.069,49.513,71,156,269,182.669,311.575,95.06
21,12,2,85.348,80.66,1.337,26,81,97,86.594,240.934,43.078,55,132,174,185.335,393.699,77.005
4,3,0,65.887,73.319,1.246,5,19,18,74.743,209.699,35.43,10,29,34,151.033,316.456,65.872
2,3,0,59.079,70.045,1.517,2,14,19,58.815,199.276,51.537,4,22,39,132.777,308.746,105.871
71,49,9,59.333,59.361,1.229,100,274,465,72.949,165.227,41.276,196,482,833,142.577,290.698,73.868
37,27,5,56.072,50.647,1.488,48,127,208,63.446,131.677,39.331,101,222,360,132.93,229.74,68.22
5,5,0,74.496,76.885,0.553,10,20,36,97.143,166.165,45.824,17,36,57,169.883,293.882,71.927
7,5,1,65.401,58.319,1.806,9,19,25,72.93,112.63,31.254,18,39,45,142.118,231.887,55.047
59,45,5,61.566,65.27,1.245,69,233,292,63.355,166.403,37.179,150,393,541,137.64,280.394,68.792
27,23,4,57.637,73.332,1.609,42,105,139,76.125,146.987,36.302,74,204,249,135.516,286.406,65.226
12,14,1,52.555,75.162,1.289,16,46,54,63.757,130.912,28.953,30,96,105,121.457,270.63,56.458
13,12,1,60.363,77.109,1.411,18,44,49,76.294,136.021,29.683,33,78,93,138.37,239.584,55.971
20,12,2,73.09,53.928,1.616,29,70,120,87.537,154.658,45.829,54,111,195,160.809,245.667,74.833
21,18,2,58.623,62.845,1.285,26,81,84,64.466,149.076,31.175,50,128,146,123.636,235.769,54.53
6,5,1,72.125,89.526,1.512,13,32,47,116.931,240.029,54.21,20,49,70,183.212,368.605,79.638
27,18,2,63.718,65.503,1.174,36,100,113,74.22,180.508,32.42,73,166,228,150.635,298.567,65.239
29,22,3,72.817,79.163,1.563,53,177,239,102.753,261.292,57.023,92,258,414,179.881,380.997,98.697
51,38,5,66.869,74.183,1.517,79,211,313,87.733,189.878,49.494,146,356,550,161.733,320.783,86.833
24,20,3,64.39,70.807,1.531,36,95,127,80.81,161.686,39.921,73,169,231,164.205,287.126,72.379
11,12,2,43.881,57.561,1.234,14,38,46,56.121,109.53,26.669,26,71,86,102.831,201.818,49.739
28,22,4,68.97,76.177,1.723,40,106,155,81.73,164.714,43.285,82,193,288,167.364,299.701,80.366
5,4,0,86.342,89.269,1.511,8,21,32,100.044,201.614,54.534,16,36,47,198.434,336.957,80.545
8,7,1,61.677,62.505,1.415,11,30,34,73.885,143.892,32.371,21,51,66,136.142,242.177,61.845
11,6,1,68.309,53.245,1.378,15,35,65,78.151,152.39,44.945,33,59,105,171.134,256.754,72.746
7,5,1,74.487,99.83,1.536,12,32,50,103.086,241.357,60.094,21,53,85,181.781,397.806,101.124
41,27,4,60.99,59.783,1.067,51,144,162,69.495,176.135,29.026,97,236,290,132.427,289.583,51.743
11,6,1,87.619,73.159,1.223,21,46,66,119.052,211.02,57.905,35,73,96,198.83,335.15,83.86
86,77,9,62.796,76.523,1.218,133,439,613,84.62,214.597,49.672,235,678,970,149.474,330.986,78.614
39,28,4,64.133,61.962,1.315,52,136,198,73.91,153.329,37.514,102,227,321,145.424,255.32,60.847
3,3,0,67.481,81.808,1.235,4,12,14,74.929,147.169,34.547,8,24,21,161.132,289.34,53.55
53,45,6,62.47,74.386,1.408,81,208,289,82.12,166.232,39.946,141,348,468,143.339,278.144,64.721
15,13,2,59.07,62.401,1.335,23,65,72,77.585,157.034,33.586,48,107,126,161.445,258.602,58.793
17,11,2,69.537,64.371,1.657,29,83,128,97.435,210.715,55.796,54,134,205,181.875,341.65,89.382
57,48,6,63.284,75.216,1.268,80,233,310,77.523,177.426,38.676,149,405,539,143.938,307.61,67.116
5,4,1,73.838,84.438,1.566,10,32,41,109.65,254.231,59.219,16,52,66,186.754,410.511,95.516
20,18,2,62.303,81.715,1.274,24,72,101,67.279,155.301,38.782,50,118,172,139.056,257.092,66.456
4,4,0,72.401,78.177,1.284,5,12,14,69.036,129.31,29.924,11,23,26,156.272,250.226,55.244
23,18,3,53.597,51.811,1.434,29,82,134,61.429,128.083,35.764,61,139,211,127.694,217.695,56.239
102,75,11,57.748,50.731,1.263,122,325,379,59.671,126.078,29.156,272,559,664,133.265,216.891,51.079
9,10,1,41.57,42.279,1.859,11,34,32,47.351,96.118,25.912,24,67,56,104.829,187.778,44.467
4,3,0,88.156,104.655,1.546,6,19,23,111.069,263.493,57.314,11,31,38,197.971,433.338,93.67
29,29,3,53.038,84.983,1.275,42,122,159,67.629,161.315,34.386,79,231,275,128.089,305.355,59.572
29,21,3,64.707,68.182,1.442,42,117,165,79.838,172.785,42.504,83,200,310,157.269,295.408,79.679
8,6,1,70.166,69.092,1.328,11,31,45,77.668,156.707,37.354,21,56,71,152.304,288.65,58.501
28,23,3,69.829,79.069,1.363,40,101,123,83.605,158.904,35.524,82,185,226,170.832,292.587,65.389
3,2,0,69.667,76.053,1.553,3,10,11,68.655,163.696,34.978,6,18,21,144.724,288.659,65.505
17,14,3,51.428,51.097,1.531,26,71,87,67.209,139.538,30.454,48,124,156,126.519,245.615,54.321
4,2,0,71.5,71.247,2.517,7,16,30,97.076,213.588,79.92,11,26,46,166.355,347.443,122.536
28,17,4,68.894,55.449,1.926,42,85,124,82.033,131.478,35.071,82,152,232,160.111,235.479,65.256
11,8,2,55.108,46.945,1.601,18,45,63,78.314,144.019,36.164,32,81,106,136.982,260.822,61.066
164,126,21,57.477,57.879,1.635,247,643,1061,74.991,161.887,48.548,458,1102,1762,139.219,277.279,80.63
24,14,3,74.678,65.646,2.374,36,106,141,92.432,209.658,49.365,65,165,237,165.631,326.038,82.596
19,12,2,79.91,76.5,2.093,27,82,112,88.786,237.435,49.532,55,130,212,185.46,377.648,93.432
4,3,1,68.35,80.152,1.832,5,19,19,72.388,201.966,36.341,10,28,37,142.325,308.68,68.743
2,2,0,61.086,73.069,2.111,2,12,19,68.732,187.51,52.5,5,22,41,143.749,338.518,113.864
73,49,10,60.007,56.774,1.439,102,309,452,72.884,179.681,39.199,203,506,766,144.831,294.128,66.445
35,32,6,50.271,59.222,1.885,47,144,213,60.679,145.383,39.364,94,249,346,121.155,251.866,63.909
5,4,1,62.499,66.521,1.897,8,21,35,76.051,166.669,43.639,14,36,62,144.054,289.861,77.956
6,5,1,55.463,61.413,2.4,8,22,28,62.41,128.033,32.856,16,44,48,128.142,254.394,56.471
58,47,8,59.355,65.868,1.772,70,224,287,63.461,159.448,36.338,147,381,512,133.622,271.08,64.735
29,21,4,61.418,59.019,2.009,36,102,125,65.375,143.653,32.385,73,196,224,132.126,275.981,58.063
11,12,2,48.695,61.438,1.787,14,41,50,59.806,116.811,26.39,26,80,93,108.46,226.411,49.328
12,11,2,57.027,67.764,2.235,16,45,57,67.931,138.761,33.846,33,84,110,141.515,255.373,65.913
17,13,3,59.068,53.165,1.93,26,66,118,77.336,146.774,44.524,44,110,184,130.061,241.964,69.633
19,17,3,52.294,61.209,1.659,23,80,99,57.55,147.423,36.523,45,134,161,113.924,245.353,59.252
6,5,1,74.833,89.657,2.076,13,34,50,122.692,245.915,56.045,20,50,72,183.738,367.513,81.546
26,19,3,61.242,65.253,1.716,34,79,120,68.759,138.594,34.192,71,162,231,144.929,283.629,65.879
26,24,5,63.198,79.689,2.271,49,168,190,94.944,248.787,45.276,85,256,332,166.698,377.919,79.325
49,38,7,62.168,75.685,2.024,68,207,287,74.94,185.745,45.143,131,360,511,144.362,324.08,80.416
23,20,4,60.53,66.855,2.247,34,100,163,78.223,167.382,50.562,66,168,261,151.591,281.315,80.936
11,11,2,47.433,52.998,1.39,15,40,58,57.937,115.524,32.954,28,71,95,109.66,204.284,54.407
25,21,4,59.048,67.024,2.005,37,97,131,75.349,148.988,35.952,73,177,257,149.672,269.965,70.685
5,4,1,76.86,83.092,2.094,7,23,34,94.964,210.53,56.534,14,39,54,183.428,353.677,89.425
7,7,1,49.989,61.187,1.856,9,31,32,58.813,147.327,30.151,17,49,64,115.68,230.84,59.646
11,5,2,63.256,45.819,1.961,14,39,65,69.756,160.589,43.769,30,66,106,147.089,275.722,70.998
6,5,1,59.008,100.907,2.243,10,32,42,85.894,235.917,49.026,17,50,73,145.978,362.003,85.406
35,27,5,52.565,62.298,1.597,48,133,186,64.651,160.273,33.165,94,237,339,125.481,284.354,60.513
10,6,1,78.306,61.646,1.7,16,40,49,91.131,177.055,41.586,30,63,80,172.106,280.001,68.893
79,66,13,57.342,65.307,1.782,133,428,601,83.994,209.001,48.544,232,663,1022,146.465,323.397,82.578
33,26,8,53.132,56.517,1.927,56,135,204,78.243,150.217,37.955,96,244,357,134.759,271.714,66.451
3,3,0,53.455,66.968,1.688,3,9,13,58.15,112.714,32.115,6,20,20,123.193,235.993,49.425
49,39,7,56.716,65.055,1.835,73,201,296,74.304,159.989,40.702,135,343,483,137.605,273.071,66.46
15,12,2,57.587,53.46,1.809,21,57,71,71.047,136.224,32.913,43,97,118,146.559,231.14,54.492
18,11,3,74.217,67.461,2.683,28,83,142,93.038,209.227,61.115,55,139,219,184.7,350.17,93.934
55,42,8,61.002,65.775,1.695,71,238,326,68.805,180.233,40.446,146,409,586,141.056,309.331,72.674
5,4,1,76.276,76.913,2.132,10,33,38,108.239,264.648,55.065,17,53,63,195.088,420.945,91.024
19,15,3,60.715,62.276,1.618,23,67,99,64.288,144.414,37.36,47,112,168,131.214,240.738,63.592
4,3,1,58.986,64.959,1.754,5,13,14,67.938,133.98,30.561,9,22,24,134.877,228.55,51.718
25,18,4,60.162,59.734,1.897,29,96,164,59.808,149.332,43.099,65,166,274,135.782,258.69,72.213
88,75,16,49.183,51.063,1.673,118,334,381,57.64,127.259,28.75,250,585,700,121.975,222.714,52.771
10,10,2,42.905,43.279,2.418,13,35,42,56.855,99.034,32.414,25,70,67,110.602,196.437,51.31
3,2,0,73.243,95.701,2.318,6,19,24,105.406,266.726,58.381,9,29,40,172.443,405.531,95.99
29,25,5,50.9,66.451,1.749,33,112,152,53.064,144.694,32.462,76,218,260,122.08,281.911,55.621
25,22,4,53.018,68.825,2.104,36,125,202,68.282,181.058,51.166,69,207,314,131.582,298.666,79.429
6,6,1,54.913,70.138,1.644,10,34,47,69.97,174.32,38.781,19,58,73,136.441,299.102,59.798
27,23,4,67.99,77.176,2.137,38,105,135,81.269,164.515,38.456,75,191,238,158.504,299.139,67.956
3,2,0,69.326,72.072,2.133,3,9,12,68.798,153.272,36.485,6,16,22,150.35,263.127,67.515
17,15,3,48.558,49.161,1.364,24,62,94,61.922,122.741,32.476,42,108,152,110.363,214.238,52.344
3,2,0,58.982,72.673,2.712,5,15,27,81.717,195.438,70.095,10,25,40,155.946,333.756,104.967
27,18,4,65.501,54.769,1.768,37,94,123,70.266,142.046,33.3,74,159,206,141.61,241.088,55.599
12,9,2,63.36,55.974,1.465,18,45,69,76.082,145.323,39.432,33,80,119,142.412,260.099,67.566
155,114,20,54.006,52.719,1.595,217,695,1054,65.814,170.162,47.801,436,1161,1736,132.474,284.125,78.748
22,14,3,69.351,69.468,2.218,30,109,160,76.013,211.807,54.475,62,184,247,159.648,358.6,83.887
17,12,2,68.15,84.005,1.917,25,81,116,83.256,232.076,50.964,49,131,211,164.326,374.523,92.66
4,3,1,62.834,76.15,1.783,5,17,20,71.832,179.073,36.99,9,28,36,133.126,301.41,66.993
2,3,0,61.151,87.446,2.825,2,14,24,67.504,196.141,64.096,5,26,41,133.269,370.049,110.363
71,54,9,57.347,58.614,1.331,98,315,437,70.002,178.459,36.97,192,521,743,136.838,295.189,62.823
34,32,6,46.204,58.967,1.771,48,151,234,59.989,149.745,41.792,94,261,367,117.366,259.455,65.559
4,4,1,58.992,72.015,2.442,7,20,31,69.585,158.113,38.415,14,36,56,142.366,285.892,69.99
6,5,1,50.23,53.782,1.876,8,24,30,59.884,139.073,35.053,16,43,48,120.31,253.777,55.019
53,45,8,55.03,61.655,1.726,74,219,271,67.059,153.999,34.019,138,377,471,125.157,264.76,59.073
28,20,4,56.371,59.621,1.76,34,109,141,62.534,155.54,35.959,65,186,229,119.652,265.169,58.484
12,12,2,52.683,56.914,1.521,16,45,55,63.716,129.378,28.969,28,75,94,113.165,214.215,49.902
11,11,2,51.83,64.117,1.863,15,48,67,66.132,148.447,39.833,32,92,120,134.886,282.383,71.048
16,14,2,53.86,61.53,1.493,22,62,88,65.046,140.208,32.758,41,109,153,120.954,245.085,57.075
19,15,3,54.551,55.098,1.573,22,77,99,56.73,146.68,37.226,46,127,170,118.513,241.487,63.703
6,5,1,75.514,100.639,1.703,12,37,55,108.556,277.002,61.564,19,54,80,174.338,400.044,89.554
23,19,3,53.635,67.461,1.805,27,78,115,55.088,133.087,32.514,60,162,202,123.013,278.298,57.055
27,24,5,63.343,79.641,2.145,45,168,220,88.583,242.636,52.591,83,264,356,162.231,381.003,85.125
46,38,7,58.249,76.197,2.016,65,188,286,72.662,170.458,44.78,124,359,516,137.849,325.072,80.847
22,18,3,57.106,64.751,1.999,33,102,172,74.983,171.435,53.038,58,167,252,133.114,281.725,77.668
11,10,2,46.098,44.533,1.427,14,43,62,54.77,127.719,35.348,27,72,99,106.468,212.538,56.049
22,20,4,50.339,61.452,1.663,32,94,135,64.215,144.614,36.854,64,163,255,129.538,251.452,69.475
4,4,1,63.931,84.688,1.918,8,24,42,104.707,222.197,69.89,13,40,59,170.136,370.847,97.742
7,7,1,45.978,61.799,1.589,8,31,36,56.205,148.031,33.056,17,53,65,111.158,251.923,59.718
11,6,2,62.83,49.775,2.065,15,41,80,74.912,164.848,51.306,30,68,117,143.606,277.131,75.329
6,5,1,57.72,101.465,2.09,10,34,42,84.034,248.431,49.345,16,52,69,142.264,377.89,80.323
38,26,6,57.193,59.605,1.523,47,134,195,63.321,159.104,34.579,99,243,352,132.868,288.281,62.417
9,6,1,72.705,70.332,1.48,13,38,46,76.983,169.075,39.085,27,63,75,157.494,278.229,63.061
79,64,12,56.922,63.176,1.659,123,426,595,77.35,202.385,48.078,232,673,1048,145.806,319.449,84.601
33,26,7,51.877,55.922,1.712,50,141,209,69.681,156.353,37.976,93,247,369,127.907,274.322,66.877
2,3,0,45.088,54.037,1.307,2,9,11,44.932,110.343,28.588,5,18,17,102.733,207.419,41.931
50,40,7,57.238,63.294,1.727,68,207,307,69.614,165.579,42.052,133,353,522,135.763,282.777,71.623
14,12,2,52.582,54.525,1.697,19,54,80,62.553,130.567,36.467,38,89,125,128.73,214.836,57.006
17,12,3,71.246,73.417,2.401,24,73,144,82.137,185.677,60.349,53,131,225,176.508,332.076,94.477
53,44,7,58.594,64.705,1.518,68,230,324,66.465,173.602,40.015,142,395,579,137.955,298.144,71.524
5,4,1,71.411,83.889,2.025,8,35,41,96.781,275.409,59.606,15,51,69,174.136,408.192,100.123
18,15,3,54.191,62.061,1.52,22,72,98,60.955,156.102,36.232,43,113,152,118.935,245.392,56.468
3,3,0,51.103,55.984,1.485,4,13,16,63.708,139.617,34.032,8,22,25,122.828,233.436,52.505
24,19,4,57.223,64.827,1.806,29,107,165,59.789,168.617,42.875,64,181,283,130.661,284.827,73.44
94,72,14,51.67,48.641,1.5,116,321,361,55.644,120.136,26.475,242,595,705,116.13,222.424,51.736
10,10,2,39.364,41.125,1.828,12,35,37,49.622,96.646,27.219,24,69,66,100.777,189.941,48.814
3,3,0,77.52,105.166,2.035,5,20,28,100.977,282.339,66.909,9,30,45,176.345,420.619,108.304
31,23,5,56.091,56.338,1.685,40,123,178,64.304,156.771,37.381,83,211,264,133.5,270.118,55.286
26,23,4,56.818,73.406,2.126,41,138,249,77.757,200.517,61.739,78,224,342,146.233,326.374,84.695
6,5,1,53.668,61.728,1.296,10,35,49,69.385,186.06,39.979,19,54,70,136.257,285.927,57.219
24,23,4,57.341,76.637,1.899,31,100,129,65.884,157.523,36.471,61,187,226,129.074,295.76,63.886
2,2,0,65.907,80.717,1.825,3,11,15,75.578,176.442,47.267,6,18,23,152.365,298.106,71.688
18,15,2,50.085,47.082,1.011,21,57,92,54.082,113.858,31.572,43,96,163,112.026,192.794,55.699
3,2,0,58.348,74.354,1.532,5,14,24,79.823,188.131,60.03,10,25,40,151.563,332.369,100.564
26,21,2,54.375,59.604,1.096,32,101,138,60.227,151.663,35.841,66,171,229,124.725,256.843,59.499
11,9,1,57.329,64.312,1.069,16,46,73,66.278,154.332,41.122,30,79,124,126.855,265.498,69.98
150,133,14,52.316,58.304,1.051,221,714,1018,68.116,169.433,45.699,424,1180,1726,130.271,279.859,77.48
23,17,2,78.479,88.692,1.573,32,112,176,81.488,217.559,58.096,63,180,263,162.563,348.226,86.707
17,13,1,67.006,85.358,1.084,22,71,88,74.39,202.108,38.728,42,126,165,142.161,356.298,72.562
3,3,0,51.395,76.921,1.086,5,17,22,69.011,187.256,40.938,9,30,41,126.702,321.913,74.321
2,3,0,61.751,86.963,1.871,3,20,26,68.143,239.745,68.708,5,31,42,129.952,372.018,110.34
68,56,7,55.108,59.121,0.925,96,311,435,69.344,175.069,36.145,175,491,760,126.187,276.267,63.109
36,34,4,48.667,62.604,1.206,47,144,237,57.332,143.276,41.115,96,247,408,116.195,246.833,70.828
5,4,0,63.343,75.932,0.887,7,20,30,70.504,156.663,37.207,14,35,47,141.145,280.289,57.005
6,4,1,50.15,46.953,1.176,8,23,32,61.001,138.55,35.826,15,40,47,114.403,240.426,52.391
52,46,5,53.984,63.086,1.114,68,220,286,61.995,153.66,35.687,126,388,499,115.37,270.571,62.246
29,25,3,59.756,76.908,1.124,40,112,160,73.682,162.46,40.33,67,192,254,124.866,278.772,64.13
13,12,1,53.575,54.663,0.972,14,36,45,55.256,104.138,24.001,27,68,85,107.996,198.593,45.405
11,11,1,48.288,60.832,1.061,16,47,63,68.809,144.399,37.213,29,89,99,124.737,274.817,58.745
19,15,2,67.394,74.308,1.109,24,75,100,70.219,173.82,36.893,47,117,184,138.889,273.134,68.04
19,15,2,55.412,57.691,1.129,21,72,97,57.639,141.587,37.126,45,123,182,119.939,243.682,69.703
6,5,0,68.669,100.981,1.041,10,34,50,97.952,266.546,55.696,17,51,74,164.268,399.69,83.082
24,22,3,56.306,73.488,1.211,28,94,110,58.612,159.116,30.783,60,180,211,124.84,304.776,59.015
29,27,3,71.8,92.107,1.212,44,168,218,86.828,233.917,51.818,83,275,375,162.408,384.333,89.161
45,39,4,57.843,78.711,1.219,67,202,317,75.522,184.504,49.523,121,359,517,136.621,327.784,80.753
22,19,2,54.761,71.95,1.224,31,114,166,72.016,195.54,50.736,56,180,248,127.382,309.441,75.778
11,10,1,41.893,45.682,1.099,12,40,57,47.285,120.502,32.696,24,67,91,93.502,202.884,51.929
24,21,2,51.73,62.833,1.116,32,90,145,64.227,141.907,39.304,62,157,266,125.593,247.966,71.971
4,3,0,65.346,83.13,1.052,7,23,39,93.974,219.416,63.403,13,38,49,163.151,360.686,79.402
7,7,1,46.557,55.854,1,8,29,36,55.693,136.559,33.1,16,52,58,105.077,249.327,53.198
9,6,1,55.421,54.466,1.356,15,35,72,70.515,142.309,44.613,29,61,120,138.234,249.673,74.315
6,5,1,63.167,107.704,1.344,10,35,47,86.439,259.262,54.579,18,55,81,157.85,410.359,93.821
36,26,3,52.888,58.339,0.955,42,127,171,57.687,148.497,30.258,89,231,344,121.946,271.673,60.807
9,6,1,75.666,80.741,0.991,15,43,54,87.281,190.645,45.258,28,71,82,161.747,314.348,68.106
80,74,8,57.596,67.558,1.08,117,437,570,74.333,200.599,45.963,220,690,986,139.329,316.844,79.539
36,27,4,53.267,55.018,1.095,45,140,201,62.248,154.646,35.561,86,234,355,118.23,257.861,62.625
2,3,0,52.139,61.035,0.915,3,11,13,50.18,118.576,34.2,6,20,19,114.818,230.177,48.647
55,43,5,64.733,70.009,1.176,71,213,289,73.514,173.88,39.485,139,363,516,142.661,295.957,70.473
14,12,1,50.691,54.643,1.054,19,51,82,62.125,125.208,37.077,35,85,129,116.634,206.943,58.786
17,14,2,67.347,80.71,1.343,23,71,139,78.085,184.325,57.079,48,131,231,160.903,337.901,94.783
52,48,5,57.184,67.11,0.961,70,210,279,69.086,158.627,34.418,136,378,501,133.217,285.294,61.906
5,5,0,75.851,108.721,1.234,8,38,47,97.663,300.214,68.878,16,56,73,184.846,444.26,106.653
17,14,2,49.872,61.24,1.044,19,63,90,52.979,138.187,32.455,41,111,160,111.684,242.234,57.896
3,3,0,47.037,60.017,0.994,4,13,18,57.669,142.019,36.976,8,23,25,114.252,247.41,50.69
24,19,3,55.75,58.191,1.167,30,101,153,61.231,162.522,38.929,62,165,276,125.666,266.68,70.402
95,70,10,51.409,45.412,1.062,115,297,385,54.706,110.131,27.562,236,554,693,112.224,205.14,49.589
9,9,1,34.193,31.091,1.375,11,37,37,43.198,98.444,26.417,21,63,58,87.651,168.938,41.159
3,3,0,81.474,114.109,1.151,6,20,28,109.031,291.595,67.522,9,31,44,185.242,445.308,106.256
30,26,3,54.569,66.75,1.154,47,148,215,76.269,185.74,44.478,82,236,318,132.863,295.064,65.697
26,23,3,55.514,69.816,1.263,40,128,232,74.011,190.554,56.214,76,212,343,141.429,315.005,83.158
6,6,1,52.822,64.49,0.889,9,30,41,63.977,164.205,33.803,17,48,72,127.688,265.997,58.864
25,21,3,61.544,72.548,1.117,33,100,142,70.601,161.807,39.85,63,193,236,135.599,310.917,66.376
2,2,0,67.516,89.292,1.219,3,11,15,80.773,181.262,45.93,7,18,23,155.255,309.674,71.665
16,15,2,45.213,46.279,1.078,20,65,90,52.351,129.917,30.587,42,103,163,108.52,207.027,55.397
3,2,0,61.479,72.432,1.555,5,15,29,80.049,202.775,72.042,9,25,46,150.352,334.176,113.748
25,22,3,54.975,67.064,1.243,35,108,157,65.748,160.837,39.644,73,188,275,136.691,279.259,69.282
10,9,1,49.327,65.813,1.289,13,46,69,56.759,155.053,38.406,27,81,140,114.474,274.7,77.617
157,170,19,55.822,71.455,1.302,221,736,1037,68.799,172.889,46.16,425,1254,1782,132.45,294.413,79.338
22,18,2,74.241,93.812,1.843,35,122,212,91.267,234.395,68.407,64,185,299,166.154,356.056,96.527
17,12,2,65.952,72.507,1.313,23,71,96,77.891,197.84,42.08,40,123,169,136.444,345.547,74.431
3,3,0,53.768,85.359,1.264,5,20,26,71.903,221.084,46.013,10,32,43,137.926,343.938,76.563
2,3,0,68.32,83.84,2.097,3,20,26,72.093,237.239,67.865,5,31,43,138.453,367.415,111.346
64,58,7,51.703,58.111,1.05,90,278,492,65.489,156.205,40.436,169,463,849,123.323,260.407,69.82
37,34,5,52.416,59.523,1.473,45,147,227,54.09,147.214,38.672,100,248,440,120.805,248.706,74.962
5,4,0,65.54,78.045,0.707,7,22,41,70.893,173.119,49.735,13,38,59,136.346,292.883,70.794
6,5,1,52.843,53.357,1.247,9,24,36,70.734,145.533,39.792,17,41,55,125.398,252.378,60.652
52,50,5,54.559,64.052,1.222,67,210,296,61.805,145.582,36.735,127,376,533,117.725,260.832,66.206
27,26,3,58.043,74.073,1.155,41,114,170,75.782,168.662,42.497,71,186,279,131.989,274.09,69.837
11,11,1,45.071,50.472,0.946,13,29,40,51.285,86.173,20.907,24,61,70,96.349,180.008,37.151
11,11,1,52.933,64.661,1.074,15,43,58,62.671,134.736,33.667,27,81,95,117.321,251.312,55.341
19,14,2,64.848,62.56,1.38,22,68,109,63.754,159.251,39.568,43,109,191,125.803,256.154,69.599
17,17,2,45.225,54.396,1.153,19,70,88,52.254,136.458,33.121,40,118,162,107.297,228.638,61.029
6,5,1,64.102,85.001,1.427,9,29,53,91.257,233.801,59.255,16,46,75,156.857,364.747,83.857
26,25,3,59.261,77.087,1.199,30,99,123,62.834,165.953,34.201,61,176,258,129.566,294.043,71.882
30,28,3,71.578,90.986,1.468,41,161,184,81.371,220.109,43.569,78,261,329,154.242,356.609,77.915
43,41,5,56.84,79.897,1.338,64,209,314,73.572,192.04,48.992,118,349,497,136.082,321.217,77.561
19,20,2,48.991,81.142,1.305,28,121,158,66.002,209.53,47.757,53,191,245,123.447,331.852,73.989
11,11,1,42.006,46.892,0.999,11,38,54,44.608,115.221,30.647,23,63,84,91.33,190.252,47.73
23,20,2,53.217,64.418,1.256,31,95,137,62.987,152.859,36.51,60,159,242,123.363,255.312,64.669
4,4,0,67.982,85.64,1.144,7,24,36,86.464,229.928,58.073,13,37,50,163.945,352.277,80.091
7,7,1,50.072,50.746,1.029,9,28,34,63.213,135.05,31.573,17,50,61,116.036,238.609,55.9
10,7,2,57.274,62.291,1.54,16,39,75,75.762,163.176,45.621,32,67,128,150.489,276.107,77.462
6,6,1,69.438,108.794,1.69,10,35,55,94.315,265.339,63.186,19,55,87,170.8,415.644,100.187
30,27,4,41.979,58.112,1.033,41,137,172,56.908,159.904,30.45,75,230,299,104.235,268.232,52.898
9,7,1,71.208,85.71,1.127,14,37,48,82.71,164.127,39.592,26,64,76,157.841,282.835,62.226
78,76,9,57.224,67.316,1.26,122,473,535,78.263,213.108,42.833,222,717,940,142.539,323.362,75.191
41,32,5,64.608,64.289,1.352,50,153,244,69.071,165.556,42.148,97,252,407,133.348,271.534,70.407
2,3,0,51.15,67.023,0.922,3,10,14,53.393,115.541,34.934,5,22,19,105.144,242.973,47.757
51,42,6,59.706,70.31,1.348,71,204,282,74.474,168.494,38.394,132,348,494,138.254,287.758,67.219
14,13,1,48.585,54.592,1.008,18,47,76,59.809,115.718,34.142,34,84,129,114.992,205.259,58.017
17,16,2,70.909,94.69,1.692,24,84,161,81.648,218.897,64.941,49,142,253,165.457,369.494,102.052
48,45,5,53.507,67.257,1.071,69,203,267,69.422,153.238,32.944,123,357,472,123.139,268.928,58.137
5,5,1,74.62,106.563,1.561,8,38,51,93.888,303.829,74.418,15,56,70,176.688,441.113,102.796
16,14,2,48,55.19,1.148,20,62,99,54.479,135.721,35.268,41,109,163,113.42,236.168,57.952
3,3,0,49.303,64.794,0.963,4,13,17,61.207,144.867,34.563,7,23,24,113.114,249.832,48.256
22,18,3,48.04,56.401,1.258,30,104,164,61.191,168.422,41.083,59,161,296,117.965,261.654,74.174
91,78,10,48.825,49.611,1.144,121,316,407,57.441,116.967,28.572,232,545,698,110.042,201.613,48.969
10,9,1,38.185,29.575,1.046,13,37,40,50.748,98.002,27.512,24,63,58,98.06,168.109,39.855
3,3,0,75.163,104.911,1.444,5,20,29,109.299,296.85,68.972,9,30,44,178.439,445.644,104.778
30,30,4,56.62,69.53,1.423,41,136,187,67.577,165.384,38.276,81,226,316,131.758,275.046,64.86
25,23,3,53.76,71.441,1.59,38,117,242,71.46,173.358,57.558,75,207,376,141.656,308.054,89.623
6,5,1,50.883,57.211,1.079,8,25,40,62.538,142.878,32.675,17,43,74,126.609,241.22,60.625
25,22,3,60.349,74.973,1.228,33,111,155,72.439,180.41,43.122,63,191,248,136.584,310.696,68.985
2,2,0,64.904,72.751,1.141,3,9,12,72.743,152.034,36.53,6,16,20,148.538,271.32,61.133
16,17,2,44.659,55.28,1.161,22,73,100,56.982,144.948,33.529,38,114,175,101.094,226.035,58.909
3,2,0,63.478,73.291,1.705,6,19,38,91.426,251.573,93.036,10,27,52,158.905,355.106,126.728
27,21,3,61.007,65.833,1.244,39,117,197,72.811,170.793,48.591,77,202,295,142.765,294.163,72.922
10,10,1,51.486,69.879,1.231,16,48,80,67.252,161.576,43.957,29,82,143,123.297,275.905,78.484
182,171,19,66.644,73.858,1.385,242,808,1256,77.004,186.706,55.653,476,1392,2010,151.175,321.473,89.062
24,20,2,81.132,92.346,1.693,39,128,231,101.734,241.81,73.098,71,204,340,185.465,385.898,107.868
18,15,2,70.949,89.825,1.365,24,82,107,83.46,225.566,46.994,46,135,188,159.147,371.033,82.544
4,4,0,66.653,95.529,1.367,5,21,24,75.448,226.733,42.9,11,34,41,155.299,359.172,73.507
2,3,0,72.511,83.802,2.443,3,17,23,74.972,195.891,60.673,5,29,39,145.912,331.63,101.075
65,63,7,53.453,62.188,1.047,85,274,533,63.121,152.105,43.509,175,480,905,129.396,265.83,73.825
37,38,5,54.625,68.952,1.671,45,161,266,55.034,158.672,44.626,104,270,486,126.869,266.043,81.513
4,4,0,64.159,75.691,1.146,7,25,57,77.198,191.485,68.406,13,41,72,144.518,311.356,87.385
7,6,1,54.951,71.773,1.254,10,23,39,75.024,141.286,42.057,18,47,67,134.374,282.979,71.515
52,55,5,56.544,68.488,1.157,78,237,311,72.873,162.321,38.588,142,408,566,133.331,279.459,70.115
27,26,2,58.131,73.7,1.104,38,112,168,72.384,164.805,41.743,68,185,286,129.002,272.208,70.811
12,12,1,53.415,59.712,0.953,17,40,56,68.807,116.232,29.243,28,70,93,117.243,205.379,48.997
12,12,1,56.542,68.497,0.995,14,42,59,59.702,130.389,33.965,28,82,103,121.168,256.251,60.032
17,14,2,54.605,60.867,1.392,18,61,91,52.702,142.46,32.714,37,106,169,109.1,246.574,60.991
15,17,2,38.883,55.345,1.176,18,80,88,48.155,151.901,32.556,36,122,150,97.554,232.342,55.141
5,5,1,54.266,89.731,1.406,8,33,69,84.288,261.287,76.914,14,50,89,142.037,396.842,98.524
22,26,2,56.125,81.974,1.163,32,104,128,70.136,170.265,35.552,63,185,252,137.341,303.203,69.811
29,30,3,71.302,96.895,1.608,45,188,249,90.888,248.419,58.375,82,305,418,164.383,401.894,98.065
44,46,4,59.749,87.222,1.345,66,206,354,78.844,189.865,55.212,120,351,545,142.1,323.33,85.076
19,22,2,48.539,78.855,1.157,24,98,138,55.844,171.003,41.301,48,172,232,112.945,299.176,69.234
10,11,1,40.899,52.245,1.115,13,39,56,50.248,117.201,31.458,25,67,94,99.154,203.588,53.001
22,22,2,51.104,71.205,1.204,28,106,157,57.426,169.066,41.527,56,170,251,115.367,271.909,66.183
4,4,0,66.719,97.927,1.275,7,23,36,87.838,219.899,57.238,12,37,51,154.988,349.639,80.393
7,8,1,44.827,63.231,0.971,9,31,39,60.883,146.99,35.029,16,51,67,108.731,246.283,61.244
12,8,2,71.596,65.514,1.45,19,45,84,89.631,183.422,50.57,35,72,129,164.522,289.8,77.449
6,6,1,62.904,105.347,1.486,10,36,61,96.595,272.807,69.093,18,56,93,165.572,418.32,105.474
34,36,4,48.922,76.888,1.011,43,152,169,61.623,174.215,29.863,82,262,321,116.308,300.05,56.738
10,7,1,78.446,80.087,1.233,15,36,55,92.468,157.38,44.924,28,67,84,168.275,292.29,68.155
81,81,9,60.525,73.843,1.346,131,522,612,85.013,230.887,48.67,228,823,1048,148.748,363.572,83.372
41,34,5,62.377,66.701,1.324,52,160,264,71.924,168.518,44.864,98,269,423,134.145,283.481,72.034
2,3,0,42.82,65.944,0.843,2,9,13,50.577,106.528,33.003,5,20,19,94.171,230.622,48.523
46,46,6,55.93,74.706,1.279,72,209,288,76.319,172.63,38.871,122,358,483,129.723,295.391,65.234
14,13,1,48.654,57.667,1.091,18,58,89,62.312,141.847,39.626,37,103,161,126.922,250.567,71.581
18,15,2,78.746,96.276,1.895,25,92,178,86.555,238.712,71.096,54,144,261,183.36,373.254,104.025
48,51,5,53.672,74.715,1.044,71,229,311,71.946,170.768,37.977,126,386,543,128.691,287.768,66.236
5,5,1,71.963,91.61,1.612,7,35,47,90.916,271.445,69.428,13,50,64,163.145,394.751,93.939
16,16,2,47.737,64.086,1.184,20,79,120,55.453,168.815,41.604,42,120,184,117.493,255.789,64.04
3,3,0,51.693,67,0.93,4,12,17,66.119,135.474,34.383,8,23,28,120.516,256.695,55.503
20,20,3,41.055,59.952,1.201,26,104,151,51.871,166.391,37.243,52,164,281,105.233,262.756,69.464
99,92,10,52.017,58.589,1.143,129,368,422,61.057,134.467,29.057,238,603,769,112.409,220.299,52.926
11,11,1,39.417,36.412,1.033,12,31,34,47.849,82.093,22.704,25,67,62,97.289,177.003,41.271
3,3,0,73.72,119.301,1.533,5,21,33,97.333,305.584,77.549,8,31,46,166.709,452.532,110.863
32,36,4,59.806,75.869,1.332,38,131,170,63.31,157.021,34.495,83,226,311,137.96,270.279,63.192
25,26,3,56.826,85.304,1.593,40,118,236,77.353,171.94,55.324,80,234,387,152.379,341.081,90.827
7,5,1,53.306,57.617,1.163,8,31,46,57.434,174.597,37.415,16,47,85,120.51,266.311,68.768
24,23,2,61.569,83.917,1.15,32,108,151,71.997,174.881,41.638,62,192,248,137.144,311.326,68.224
2,2,0,64.722,76.961,1.07,3,9,11,75.53,155.033,33.653,6,16,21,141.906,272.428,62.676
16,17,2,45.413,57.413,1.323,22,72,99,57.453,139.016,32.954,41,118,191,107.952,229.293,63.953
3,3,0,68.671,81.597,2.395,5,20,41,86.358,244.636,98.197,9,30,58,161.058,367.677,139.24
28,24,4,63.267,63.538,1.716,41,111,197,75.801,159.488,47.825,81,194,328,150.123,277.628,79.805
10,10,1,50.029,62.495,1.37,15,42,73,63.84,138.79,39.581,28,72,123,118.863,237.685,66.919
185,164,29,68.778,74.041,2.039,267,863,1358,85.956,199.448,59.631,493,1422,2234,158.84,328.703,98.088
28,22,3,93.085,96.112,2.1,38,145,283,99.088,263.492,88.579,73,225,400,190.516,409.199,125.383
17,18,2,72.289,105.073,1.488,25,88,113,88.613,235.559,49.582,48,146,213,167.662,390.306,93.123
4,4,0,72.456,92.415,1.442,6,20,26,84.937,210.535,44.78,11,34,46,167.08,356.501,80.897
2,4,0,75.27,94.427,2.022,3,18,30,93.062,211.36,76.694,6,30,47,166.591,343.925,120.796
68,66,12,56.871,64.015,1.402,92,319,535,69.16,172.24,43.318,189,530,952,141.027,286.667,77.018
42,37,5,60.873,65.84,1.501,53,157,224,64.219,149.104,37.269,109,276,439,132.498,262.443,72.942
4,5,1,68.462,82.371,2.116,7,26,49,78.972,198.945,59.664,13,41,68,138.598,314.634,82.237
7,7,1,57.095,75.191,1.627,10,28,52,76.283,164.873,55.6,18,51,83,139.578,297.47,88.855
52,58,6,56.662,76.858,1.39,79,274,336,75.303,187.865,41.477,141,455,599,134.033,311.536,74.034
27,26,3,56.354,70.173,1.317,35,123,164,66.832,174.959,40.45,65,198,274,123.777,282.863,67.61
13,14,1,59.671,70.43,1.318,16,50,57,69.401,142.729,29.911,31,86,105,131.297,244.611,55.257
12,12,2,56.09,64.838,1.424,15,47,61,64.218,140.734,35.181,29,89,105,125.879,269.14,60.429
16,16,2,51.507,61.784,1.52,18,64,81,54.407,142.56,29.3,37,102,149,111.905,228.805,53.735
15,17,2,41.064,55.87,1.424,19,83,87,52.811,157.613,31.654,39,127,153,105.543,240.924,55.508
5,5,1,59.333,90.53,1.553,9,35,66,89.356,273.381,73.598,15,54,97,152.813,418.869,107.615
22,25,2,55.942,80.141,1.216,32,117,139,70.738,190.067,38.128,62,191,224,137.167,309.389,61.172
32,29,4,80.167,98.247,1.84,51,214,299,102.72,279.755,69.233,86,339,509,173.767,442.933,117.734
43,48,4,60.387,89.292,1.469,67,220,414,80.901,200.577,64.719,118,358,610,142.962,325.85,95.315
20,23,3,54.237,76.49,1.445,25,98,136,60.923,167.565,40.472,49,175,240,118.999,300.243,71.131
10,11,1,41.618,52.912,1.329,13,42,56,52.236,125.74,31.481,27,73,102,106.542,217.007,57.274
24,21,3,56.103,65.009,1.425,31,112,160,64.236,174.365,41.818,58,178,269,121.481,275.996,70.552
5,6,1,75.259,116.843,1.847,7,25,43,96.084,227.135,68.431,12,41,66,168.268,376.02,103.503
6,8,1,45.193,64.402,1.346,9,33,44,62.96,154.43,39.814,15,56,68,108.084,262.755,61.587
11,8,2,65.137,63.73,1.773,16,47,88,76.103,181.645,52.205,32,72,138,150.224,280.333,81.872
6,6,1,74.198,106.096,1.678,12,40,61,115.103,282.909,68.841,19,59,95,184.494,417.433,106.988
38,38,5,60.017,87.198,1.453,50,157,203,72.054,179.525,35.774,95,278,398,136.084,317.769,69.968
10,8,2,82.723,81.207,2.36,15,44,67,93.4,192.48,54.11,29,73,102,181.238,319.731,82.064
76,85,11,57.09,74.308,1.641,130,480,660,85.781,214.614,52.197,216,773,1142,143.2,345.613,90.304
36,34,4,53.58,68.498,1.313,51,195,294,70.991,197.213,49.574,90,299,427,123.844,302.617,71.925
2,3,0,45.227,61.355,1.279,2,9,11,44.013,99.789,27.075,5,21,19,98.41,225.477,48.86
47,47,6,56.801,75.904,1.379,70,223,284,76.143,183.419,38.123,121,372,499,131.309,306.712,67.065
15,13,2,55.546,60.702,1.599,21,73,112,71.711,173.637,49.399,41,117,173,139.207,279.475,76.217
17,15,2,74.868,90.59,1.951,27,96,205,94.631,238.83,81.05,56,156,294,195.308,388.969,116.615
50,58,6,58.092,82.729,1.252,71,261,321,74.038,191.828,38.772,131,428,603,136.163,314.337,72.865
5,5,1,71.737,101.317,1.903,8,39,50,96.273,298.323,73.444,14,55,75,170.302,426.907,109.774
17,18,2,48.852,70.679,1.255,20,85,119,57.415,175.925,40.967,43,138,213,120.712,287.474,73.089
3,4,0,48.353,70.433,1.382,4,12,17,55.108,133.074,33.179,7,24,27,112.156,256.598,54.013
20,23,3,42.573,66.548,1.341,26,92,126,53.358,141.703,30.926,54,168,274,110.849,259.616,67.107
104,104,14,54.812,64.815,1.605,138,415,511,64.903,147.401,34.643,263,671,875,123.79,238.34,59.318
12,11,2,40.253,39.633,1.622,9,29,29,36.75,77.419,18.973,24,70,57,92.689,185.231,37.015
3,3,0,82.052,124.663,1.703,5,23,34,106.452,320.093,81.524,8,34,50,178.785,463.466,118.29
30,36,4,56.42,76.452,1.379,40,151,186,67.425,173.969,37.343,78,254,334,131.047,293.215,67.13
26,27,4,62.072,93.696,1.928,41,161,289,80.059,227.394,66.933,79,272,424,153.233,384.986,98.09
7,6,1,55.586,64.012,1.437,8,35,49,61.417,188.903,40.312,16,50,92,123.555,274.851,74.691
25,22,3,63.619,70.396,1.328,30,100,137,68.7,158.11,37.605,61,188,246,139.376,296.097,67.495
2,3,0,65.913,79.664,1.607,3,10,11,70.735,152.612,33.518,6,16,20,138.304,256.046,57.227
16,18,2,46.016,55.941,1.186,23,76,112,58.274,142.542,36.742,43,120,183,110.797,223.545,59.822
4,3,1,75.084,84.852,3.763,6,19,39,101.33,245.936,91.815,11,29,58,182.838,375.666,135.308
30,27,4,65.199,70.161,1.889,47,111,213,86.906,158.636,53.045,85,190,368,158.04,271.708,91.641
11,10,1,50.917,56.705,1.123,13,44,61,54.889,139.972,33.198,26,74,120,112.758,233.179,65.041
197,191,36,71.888,83.529,2.439,307,925,1426,96.231,211.2,61.146,545,1429,2345,170.696,326.336,100.568
28,20,3,91.675,95.717,2.292,42,148,255,107.136,270.207,79.501,77,219,389,195.562,399.471,121.234
16,15,2,67.089,88.482,1.956,26,76,115,88.313,208.153,49.083,49,134,201,168.309,367.584,85.625
4,4,1,72.242,98.43,2.148,6,20,24,90.886,198.701,41.265,12,36,49,167.218,364.108,83.705
2,5,1,79.708,114.586,4.51,3,22,30,109.737,227.546,75.58,6,38,54,179.857,382.606,135.323
68,75,13,54.71,72.213,1.62,96,360,541,69.053,185.962,42.534,190,599,947,137.669,309.819,74.499
44,34,5,60.986,55.241,1.643,52,151,182,62.721,141.449,30.268,102,259,360,124.09,242.648,59.982
5,5,1,71.808,77.147,2.72,9,23,39,87.555,168.174,43.987,15,38,72,154.233,282.176,82.252
7,6,1,55.538,63.054,1.251,10,26,51,73.899,152.792,53.594,20,43,85,143.891,251.72,88.564
54,52,9,56.685,75.273,1.862,79,277,381,73.455,198.484,46.688,139,449,609,129.759,322.159,74.616
27,28,3,51.576,72.859,1.334,32,127,189,58.847,175.231,46.188,61,206,292,112.53,283.836,71.555
12,14,1,53.362,72.199,1.222,15,56,63,62.948,163.777,32.191,32,99,121,132.34,286.068,62.285
13,11,1,62.859,65.141,1.357,15,47,64,62.539,147.702,36.269,32,83,111,134.376,260.49,63.053
17,14,2,56.431,54.213,1.322,20,71,98,58.698,155.94,35.072,40,108,168,118.357,236.024,60.26
17,18,3,46.886,53.05,1.479,21,71,82,56.093,135.897,29.267,39,119,152,106.86,225.691,54.163
5,5,1,63.783,87.563,1.849,8,31,52,86.686,235.707,56.412,15,48,92,155.147,367.338,101.092
25,21,4,58.527,66.953,2.092,30,109,117,65.494,174.974,31.232,63,198,209,136.083,318.598,55.81
33,34,6,82.057,101.19,2.744,56,218,290,111.513,285.9,67.141,91,328,447,182.181,429.712,103.538
44,46,6,61.711,84.756,1.876,67,228,413,81.531,209.826,64.84,118,364,611,142.937,334.676,96.056
23,20,3,58.04,71.786,1.885,31,108,139,72.178,189.096,40.62,58,182,235,135.993,318.064,68.59
11,10,1,49.852,49.128,1.271,15,48,72,61.41,144.326,39.582,29,77,121,117.945,232.06,66.528
25,20,3,60.24,55.127,1.474,34,121,143,71.918,184.372,37.31,63,183,256,131.53,279.194,67.007
6,5,1,91.926,101.056,1.891,8,28,49,101.296,262.827,74.627,15,41,79,198.524,383.399,120.608
7,7,1,48.134,59.994,1.426,9,30,40,61.898,144.184,34.582,16,50,65,111.154,243.295,56.448
13,12,2,70.641,83.724,1.967,18,54,100,82.907,192.767,57.693,36,83,177,165.825,297.569,102.005
7,6,1,81.548,100.791,2.249,12,38,44,113.879,276.447,49.543,20,57,80,189.872,415.045,90.929
41,36,7,66.09,83.959,2.188,57,167,262,79.447,192.928,45.202,104,278,391,144.501,320.47,67.663
11,8,1,87.359,83.477,2.166,16,47,75,95.27,210.506,57.743,32,72,122,184.922,319.387,94.087
77,87,16,57.246,72.111,2.352,119,439,668,79.37,196.376,52.83,207,713,1111,138.225,318.57,87.814
41,39,4,60.641,78.027,1.323,60,210,282,80.24,208.524,46.25,106,323,423,141.38,320.253,69.386
2,3,0,49.049,61.069,1.44,3,11,10,55.367,118.746,24.749,6,21,22,117.743,237.708,52.998
48,47,7,57.705,75.047,1.639,65,223,321,69.457,181.524,43.201,124,382,582,132.113,311.065,78.222
15,13,2,55.016,55.75,1.314,21,63,110,69.053,150.335,46.955,39,97,173,127.99,231.44,74.024
16,15,2,70.139,89.386,1.901,29,104,227,100.674,254.129,89.083,54,161,323,184.174,393.353,126.893
49,59,7,56.243,81.123,1.676,68,256,346,70.043,182.619,41.377,125,439,602,128.005,313.079,71.969
5,6,1,78.503,110.835,2.476,9,41,57,116.345,313.992,83.121,15,60,89,192.078,458.133,130.204
20,18,2,59.81,63.499,1.35,23,84,117,65.124,164.194,39.525,49,141,216,137.173,276.599,72.924
3,3,0,52.961,59.786,1.403,4,12,16,62.288,130.178,31.634,8,20,28,119.232,225.369,54.76
23,23,3,50.097,62.563,1.328,30,101,153,58.871,149.263,37.224,58,169,261,114.99,249.308,63.596
108,110,13,53.982,66.192,1.504,138,416,516,61.431,145.033,33.972,273,697,890,121.639,242.857,58.58
12,11,1,43.559,42.625,0.945,11,29,36,41.664,80.409,23.4,26,62,67,99.962,170.394,43.863
3,2,0,93.546,91.072,2.348,6,25,37,137.695,343.593,88.665,10,34,54,215.586,469.604,129.242
32,35,5,59.103,77.178,1.844,43,159,185,69.789,182.321,36.072,81,257,321,130.844,294.21,62.771
30,27,5,70.543,87.041,2.215,52,187,311,97.657,256.007,71.218,92,277,486,173.856,379.696,111.108
7,7,1,62.838,76.877,1.172,9,37,47,70.736,198.123,37.357,18,56,87,134.48,295.769,69.824
22,20,3,50.872,61.136,1.602,32,101,154,70.246,163.828,41.768,58,175,243,126.267,282.541,65.976
2,2,0,57.743,60.878,1.328,3,9,12,60.772,136.058,33.573,6,16,23,139.81,256.993,63.022
18,18,2,49.418,59.523,1.111,22,77,104,56.178,143.431,33.842,42,126,193,108.574,235.442,62.948
3,3,1,66.957,86.467,4.221,6,20,48,100.066,247.744,111.808,10,31,69,170.315,382.038,160.729
28,26,5,64.543,76.34,2.233,45,122,217,83.663,171.975,53.283,77,207,343,144.127,291.969,84.097
11,11,1,51.741,57.334,1.294,14,47,67,60.093,147.087,36.05,29,80,119,122.293,250.963,63.694
183,203,32,68.288,88.187,2.464,279,963,1595,88.284,217.413,67.418,509,1483,2387,161.372,335,100.879
24,21,4,74.917,94.264,2.458,42,149,250,104.707,268.145,76.328,70,219,397,176.39,393.922,121.45
16,16,3,66.258,93.216,2.276,25,88,142,87.186,236.636,60.139,47,144,221,161.897,389.479,93.617
4,4,1,73.237,99.408,2.373,7,21,29,95.798,209.529,49.5,12,39,56,167.032,389.245,95.536
2,5,1,83.679,116.866,5.169,3,24,30,93.503,244.882,72.386,5,41,60,172.34,422.929,146.424
69,73,13,56.374,70.311,1.681,97,373,611,70.285,190.181,47.279,179,614,1006,129.879,313.581,77.895
42,38,6,56.296,59.765,1.595,59,181,236,72.017,166.463,38.805,103,283,391,125.181,261.192,64.373
5,5,1,71.013,81.484,3.13,9,25,51,96.872,181.542,56.945,16,44,90,166.047,315.12,101.418
7,6,1,53.987,61.527,1.604,9,23,36,62.064,130.872,37.652,18,42,63,129.671,240.183,65.433
53,54,9,56.975,77.633,1.904,73,283,394,69.398,202.745,47.91,134,451,631,127.126,323.393,76.87
27,28,4,54.914,75.722,1.709,34,123,177,62.483,167.842,43.144,64,214,302,119.258,292.585,73.561
13,14,2,55.788,72.569,1.334,16,58,81,66.547,168.444,41.307,30,101,131,125.205,292.449,67.163
12,13,2,50.761,67.218,1.459,13,36,45,54.686,113.433,25.518,27,77,91,116.185,239.753,51.248
17,13,2,54.288,57.901,1.482,21,80,102,60.605,173.521,36.452,40,122,179,117.438,266.211,63.977
15,19,3,43.358,61.816,1.559,18,68,86,50.068,130.044,30.154,39,129,198,106.734,246.864,69.683
5,5,1,67.226,84.177,2.231,9,29,58,89.427,226.617,62.943,15,47,101,155.685,361.41,110.285
25,23,5,60.969,77.133,2.015,35,110,139,75.391,175.341,36.595,64,209,239,139.811,332.483,63.067
31,40,6,76.635,110.912,2.827,52,198,277,105.807,257.718,63.379,88,311,468,178.117,405.083,107.184
45,46,6,64.592,84.179,2.045,72,243,423,88.938,221.251,66.092,122,378,652,149.998,344.069,101.97
22,21,4,56.205,80.593,2.065,31,100,150,72.741,175.796,43.253,58,193,276,136.442,337.736,79.931
11,11,2,47.09,58.159,1.278,16,53,71,63.181,158.616,38.803,28,83,113,111.095,248.199,61.991
25,24,4,59.242,62.801,1.499,35,114,147,72.789,174.071,38.303,63,187,261,133.153,285.499,67.928
5,5,1,83.974,99.672,2.073,7,28,52,95.551,265.111,79.432,14,41,80,188.608,382.153,121.016
7,8,1,52.071,69.503,1.514,10,30,43,65.293,148.266,37.4,18,53,68,122.016,259.822,58.689
13,12,2,70.525,90.902,2.187,19,57,113,87.663,200.119,64.351,37,90,199,169.01,319.867,113.007
7,7,1,78.7,115.815,2.612,10,37,48,96.056,263.713,54.067,18,59,88,178.524,423.596,98.828
39,37,7,59.936,80.175,1.828,49,169,231,68.503,192.595,39.585,94,296,380,132.091,337.842,65.202
11,8,1,89.347,78.908,2.433,17,48,90,98.174,213.495,69.354,33,75,138,192.191,329.849,105.944
74,91,18,56.847,79.295,2.414,116,479,763,78.636,213.476,59.805,204,782,1239,138.592,348.735,97.117
39,35,5,55.55,67.393,1.331,58,198,262,76.909,192.801,42.425,104,316,405,137.254,308.331,65.57
2,3,0,45.192,68.158,1.577,3,13,13,60.163,144.436,30.719,6,25,25,112.622,272.498,57.336
52,49,7,63.093,79.385,1.805,70,237,402,75.317,192.217,53.882,131,393,697,141.038,319.002,93.329
15,14,2,56.329,58.127,1.598,19,60,107,63.675,141.4,45.468,38,108,176,123.428,254.704,74.72
15,18,3,65.338,97.673,2.718,29,106,264,98.649,258.063,102.506,49,155,368,167.408,379.053,143.027
46,61,8,54.267,83.08,1.742,66,247,353,68.702,175.439,41.975,124,449,624,129.042,319.281,74.291
5,6,1,86.093,109.44,2.613,10,40,67,124.411,301.577,97.447,16,61,98,201.078,460.349,142.628
20,17,3,63.509,64.147,1.512,26,99,155,72.413,192.365,51.518,49,158,240,138.219,306.691,79.734
3,3,0,50.978,63.066,1.532,4,13,22,64.44,139.457,42.843,8,24,36,116.605,259.228,70.588
25,22,4,52.341,58.729,1.39,30,101,158,59.182,147.022,38.117,56,170,250,111.344,248.05,60.251
108,114,14,52.623,68.939,1.473,143,402,511,63.221,137.608,32.984,279,720,930,123.321,246.441,60.075
11,10,1,36.75,42.204,1.063,14,36,47,51.232,98.319,30.353,27,68,74,99.343,186.631,47.495
3,2,0,94.341,91.215,2.863,6,24,39,133.563,331.79,93.389,10,34,60,214.979,469.907,143.19
33,36,5,63.886,82.646,2.01,41,151,178,66.097,170.611,34.406,85,269,336,137.305,303.859,64.813
29,29,5,66.267,83.495,2.379,50,173,360,94.486,234.442,81.069,87,267,524,164.904,362.33,118.167
8,7,1,67.487,76.737,1.306,9,33,41,66.34,175.45,32.92,17,56,84,131.256,297.335,67.19
22,22,4,51.987,65.545,1.73,35,112,172,77.821,181.832,46.534,56,181,258,124.444,292.684,69.47
2,2,0,54.178,60.296,1.609,3,8,16,59.995,130.589,43.608,6,17,28,132.123,273.773,77.334
18,18,3,47.793,59.105,1.261,18,75,105,48.132,139.31,34.086,40,136,213,103.61,253.621,68.966
3,3,1,60.099,83.802,4.996,5,17,46,87.288,210.617,106.027,9,29,75,156.129,357.103,172.408
28,24,5,65.335,72.767,2.604,45,134,248,82.504,185.379,59.773,81,225,392,150.268,312.585,94.746
12,11,2,58.017,60.35,1.875,13,46,79,56.791,142.836,42.338,30,78,128,126.965,243.375,68.228
164,193,32,60.075,83.682,2.611,243,965,1614,78.021,216.443,67.234,444,1519,2421,142.534,340.768,100.833
24,20,5,79.202,99.404,3.75,45,164,338,111.633,290.498,101.28,75,240,499,187.599,424.241,149.797
18,16,3,73.655,90.961,2.409,25,92,156,85.655,244.057,65.497,46,148,231,160.169,394.09,97.237
4,4,1,73.877,90.933,2.424,6,21,34,91.523,207.475,56.755,11,39,57,167.181,384.915,95.135
2,4,1,90.718,108.464,4.603,3,24,39,98.923,255.291,91.442,6,41,69,180.149,436.762,161.82
75,73,15,61.447,70.068,1.852,104,377,673,75.221,190.938,51.206,189,632,1063,136.417,320.62,80.964
41,39,6,54.97,62.082,1.697,59,199,365,71.393,181.265,59.287,105,303,518,126.209,275.087,84.099
5,5,2,65.953,74.992,3.828,9,26,62,95.52,188.385,69.064,15,44,93,153.325,312.696,103.517
7,6,1,55.64,57.817,2.157,8,24,40,56.143,140.537,40.277,18,44,66,125.251,251.757,67.425
51,54,9,54.938,76.295,2.076,65,280,398,62.62,200.74,48.237,132,438,677,126.084,314.262,81.989
26,30,4,52.653,78.044,2.083,32,130,177,59.709,177.279,42.82,66,232,300,121.237,315.835,72.626
12,14,3,50.792,77.228,1.813,15,57,81,62.465,163.095,41.184,29,104,133,119.376,298.011,67.802
10,13,2,43.006,65.538,1.781,12,40,52,50.89,122.326,28.96,24,78,90,100.397,241.499,50.753
15,17,3,45.77,66.43,1.73,17,77,99,50.749,165.595,35.31,34,125,175,100.47,268.597,62.144
17,19,4,50.283,60.995,1.589,19,76,96,50.94,145.845,33.328,45,140,219,123.394,268.316,76.333
5,6,1,62.973,106.022,2.668,9,32,73,92.609,247.109,79.523,15,50,121,159.86,387.803,131.15
27,26,5,68.337,86.47,2.142,34,126,181,75.05,199.877,47.287,66,216,282,145.077,342.657,73.574
27,40,5,65.645,118.002,2.911,44,206,313,89,266.41,70.714,74,324,487,150.514,418.644,110.193
48,48,7,69.843,87.122,2.507,74,245,490,91.255,221.508,76.361,130,383,755,161.158,345.927,117.574
19,20,4,47.712,77.598,2.458,28,98,153,66.868,171.395,43.747,51,183,302,119.863,320.864,86.413
11,11,2,44.575,58.5,1.347,13,51,60,51.301,151.6,32.562,25,86,102,102.799,255.081,55.168
26,27,5,62.27,78.913,2.038,34,132,189,71.044,201.512,48.83,65,210,307,137.815,319.904,79.257
4,4,1,61.232,87.485,2.637,6,25,56,86.819,230.417,84.38,12,38,84,158.035,349.784,126.487
8,7,1,55.352,59.729,1.857,9,31,43,62.441,150.702,36.798,19,58,75,130.346,278.324,64.577
11,10,2,60.721,75.439,2.708,18,53,112,83.29,185.582,62.526,35,88,200,158.383,309.623,111.897
6,8,1,78.344,131.745,3.188,10,39,62,96.203,277.749,69.851,18,62,95,182.309,439.762,105.879
36,35,7,54.411,71.729,1.821,38,137,214,53.769,154.776,36.403,85,274,400,120.589,309.805,68.113
10,7,2,80.141,69.736,3.07,15,44,95,92.19,193.347,72.261,31,73,153,183.818,320.615,117.154
74,88,20,58.223,76.579,2.491,118,457,798,81.249,203.655,61.955,213,762,1367,146.237,339.731,106.14
37,36,6,52.029,64.652,1.632,51,173,273,66.658,166.364,43.587,97,300,480,126.364,288.107,76.787
2,4,1,39.464,69.52,1.851,3,14,14,51.912,140.415,32.568,5,27,27,97.884,276.629,60.627
48,51,8,58.139,80.46,2.152,68,232,434,73.561,187.621,57.913,123,385,729,132.654,311.584,97.238
14,13,3,48.571,60.575,2.031,16,62,96,51.596,144.292,40.263,32,115,163,104.383,270.273,68.466
16,16,4,69.04,89.304,3.964,28,96,270,95.863,233.868,103.717,50,148,432,170.959,358.791,165.884
48,60,8,57.396,84.636,1.893,65,266,366,68.149,190.136,43.371,125,458,640,131.75,327.759,75.729
5,6,1,81.679,109.022,3.213,10,39,77,129.528,297.904,111.836,16,60,106,202.765,451.652,154.116
21,19,3,66.522,70.377,1.794,26,97,147,71.097,187.513,48.134,49,166,245,136.045,319.919,80.442
3,3,1,41.988,63.11,1.748,3,12,19,51.349,126.812,36.713,6,23,36,99.201,246.572,69.711
24,23,4,51.754,58.955,1.614,31,104,158,60.432,150.056,37.693,63,182,290,124.99,262.259,69.366
102,108,16,47.877,63.425,1.673,134,411,572,58.335,138.797,36.235,259,742,972,112.732,250.251,61.587
10,11,2,35.328,41.354,1.705,15,40,59,53.532,109.111,36.834,27,75,93,99.518,205.208,58.462
3,3,0,81.191,113.543,3.103,5,21,38,113.443,287.391,88.818,9,34,60,197.771,467.669,142.682
30,34,6,56.825,77.613,2.118,38,152,236,60.509,170.258,44.867,88,291,460,141.628,325.28,87.593
29,28,6,65.384,82.729,3.076,52,189,468,98.075,255.554,103.922,87,277,643,164.848,375.668,143.014
7,6,1,54.456,60.292,1.707,7,28,45,52.252,148.767,35.653,15,50,94,113.91,264.432,75.224
25,23,5,61.649,69.475,2.136,32,114,165,71.843,184.624,44.241,59,190,284,131.351,308.169,76.175
2,2,0,54.907,62.084,2.206,3,9,16,59.534,141.181,43.735,5,16,27,117.114,256.962,72.181
17,18,3,44.59,60.41,1.49,19,81,126,49.81,150.424,40.28,38,145,221,99.03,269.916,71.006
3,3,1,69.865,90.444,5.2,6,18,45,91.884,213.009,104.227,10,30,73,172.978,364.658,167.019
29,28,5,65.845,80.035,2.597,45,147,291,82.996,200.441,69.037,82,231,439,151.206,315.284,104.009
12,11,2,57.799,66.292,2.047,15,52,97,62.205,162.135,51.487,30,85,162,127.887,265.284,86.24
165,195,38,61.609,85.629,2.854,269,941,1733,87.369,210.463,70.944,463,1506,2664,150.342,336.943,109.081
28,22,5,91.278,101.944,3.942,51,180,423,125.57,312.392,124.476,85,253,571,208.121,439.516,168.038
19,17,3,70.991,90.123,2.546,23,86,151,79.112,224.147,63.385,45,148,234,156.486,388.191,98.268
4,4,1,64.377,89.971,2.487,6,21,37,82.218,211.136,60.866,10,39,60,151.446,385.606,97.727
2,4,1,91.113,106.221,5.5,3,23,44,105.563,247.22,101.379,6,38,77,194.052,410.677,176.858
73,76,16,59.496,74.764,2.002,104,402,764,75.087,203.198,57.034,196,666,1128,140.92,336.389,84.233
38,39,7,49.531,65.229,1.98,51,195,390,60.592,176.392,62.424,94,308,561,111.899,277.803,89.875
5,5,2,65.123,64.284,4.341,7,22,60,76.521,158.74,66.779,13,38,92,139.05,273.162,101.293
8,7,1,61.451,65.719,2.012,9,25,50,63.851,142.764,49.623,20,47,85,141.397,269.783,85.505
45,58,10,48.776,78.569,2.349,70,274,476,67.481,196.225,57.353,125,434,746,120.69,311.226,89.865
26,34,5,55.258,92.679,2.293,35,150,224,65.231,203.067,53.848,68,264,369,125.631,356.153,88.538
11,15,3,42.376,80.255,1.8,13,49,67,51.744,140.096,34.038,24,103,124,100.623,291.833,62.507
11,13,2,50.011,75.425,2.066,14,49,86,58.485,151.084,48.065,28,93,138,117.116,284.572,77.423
14,16,3,41.846,62.095,1.802,19,82,144,56.292,174.908,50.948,35,132,231,103.436,280.457,81.495
18,21,4,49.919,68.988,1.754,20,83,128,55.532,159.912,44.164,43,143,239,116.415,276.412,82.358
5,7,1,69.447,125.323,2.838,9,36,100,98.962,283.778,107.687,16,54,155,171.089,420.265,166.771
25,26,5,65.736,87.776,2.62,37,148,241,80.509,234.189,62.006,68,229,372,149.579,364.26,95.836
27,37,6,65.174,111.638,3.173,43,225,406,88.829,287.434,90.849,76,334,579,155.573,427.214,129.451
46,48,8,65.532,89.143,2.699,64,258,528,80.85,231.684,81.957,120,391,793,150.98,350.468,122.941
18,20,4,46.758,74.73,2.55,29,113,188,67.477,197.439,53.239,50,188,315,116.441,329.149,89.326
11,11,2,46.135,53.951,1.524,14,56,73,56.026,163.903,39.471,26,86,117,105.564,253.033,63.349
23,27,5,55.521,88.774,2.247,30,142,228,64.496,216.802,58.521,59,219,362,124.848,333.206,92.827
3,4,1,52.378,66.894,2.539,6,23,57,82.989,205.712,84.862,10,33,77,133.796,300.265,115.058
6,7,1,42.384,64.079,1.979,8,34,46,55.405,161.879,39.656,17,61,80,113.987,291.805,68.584
11,12,3,61.45,88.423,2.948,18,52,112,79.695,180.072,61.266,32,90,182,144.209,311.622,99.801
6,7,1,76.946,119.264,3.382,10,42,79,98.306,300.913,87.847,18,63,113,179.904,443.833,125.47
35,37,8,54.847,74.751,2.306,45,148,280,63.626,165.966,47.389,90,268,485,128.621,301.029,82.164
9,7,2,69.41,65.704,2.816,13,44,106,79.843,193.231,80.595,27,72,168,159.248,316.384,127.834
72,93,21,56.629,76.34,2.807,112,438,870,77.521,195.743,67.018,201,728,1443,139.447,325.158,111.132
37,38,7,54.693,68.608,2.029,50,171,326,65.084,161.881,51.478,98,307,580,127.153,291.423,91.537
2,4,1,42.422,64.344,2.064,3,14,18,55.963,140.541,39.482,5,27,29,102.529,267.556,65.526
41,52,8,51.011,80.447,2.176,56,221,395,60.356,178.864,52.402,105,381,635,113.885,308.557,84.331
16,14,3,53.723,65.749,2.078,17,68,111,55.248,157.621,46.093,36,121,181,115.465,281.666,75.42
17,17,4,73.382,92.745,3.646,30,103,282,101.936,248.535,106.773,53,157,439,183.228,380.506,166.029
45,54,10,53.194,79.052,2.122,66,268,454,69.987,193.604,53.446,116,445,704,123.69,321.821,82.85
4,6,1,60.241,102.541,2.792,8,38,69,106.933,289.032,99.232,13,58,100,169.329,441.343,143.958
20,19,4,61.668,69.014,1.965,22,88,151,61.563,168.939,48.804,45,149,265,124.999,285.563,85.663
3,4,1,42.196,64.074,1.819,3,12,17,53.161,130.247,33.043,7,23,33,99.543,242.078,61.674
20,24,4,43.526,60.197,1.71,29,103,170,56.968,147.171,40.115,59,179,322,115.718,255.389,76.213
103,105,19,47.859,60.642,1.854,142,453,679,61.21,150.588,42.115,251,760,1032,107.887,252.475,63.993
11,12,2,34.523,46.881,1.803,15,43,69,54.17,115.524,42.453,29,84,111,101.208,226.453,68.524
2,3,1,72.004,129.056,3.076,5,23,44,114.017,305.981,104.153,8,34,66,182.682,462.839,155.699
27,39,7,48.924,82.866,2.249,37,160,272,58.852,178.497,51.189,79,290,523,126.394,323.078,98.343
29,30,7,67.047,87.546,3.313,53,181,512,100.635,244.68,112.147,93,271,741,175.35,364.983,162.292
6,7,1,47.456,65.273,1.768,7,32,60,55.965,169.905,47.508,14,54,104,108.73,284.933,82.669
24,25,5,60.611,81.845,2.347,32,109,171,71.787,175.037,45.454,63,200,309,139.968,322.729,82.247
2,2,0,52.837,69.656,2.16,3,10,17,61.909,160.011,46.659,5,18,29,120.323,275.014,76.733
16,20,4,43.638,63.945,1.978,20,76,121,51.607,143.339,38.612,37,139,214,97.093,261.251,68.116
3,4,1,75.236,106.925,7.418,6,21,56,106.409,250.2,128.295,11,34,82,184.449,406.933,187.637
29,30,8,60.925,83.572,3.482,42,140,294,77.136,189.153,68.149,74,231,430,134.511,311.506,99.715
11,12,3,53.731,70.826,2.583,15,54,107,64.556,169.316,56.246,29,86,169,121.405,270.639,89.285
153,184,57,58.903,81.688,4.183,254,915,1964,83.226,205.23,78.961,431,1459,3046,141.126,327.247,122.502
27,27,8,81.624,120.499,5.312,46,186,509,111.262,317.456,146.488,76,266,691,183.526,452.39,199.061
16,17,4,66.127,98.039,3.726,24,96,173,83.382,249.924,72.538,44,162,272,156.314,421,114.098
3,4,1,52.925,77.333,2.896,5,21,37,74.151,211.882,60.147,9,37,57,130.409,373.239,91.742
2,4,1,82.632,129.804,7.819,3,25,41,88.528,261.938,91.383,5,41,88,165.485,437.808,197.105
69,76,22,55.685,73.867,2.805,95,412,823,67.806,207.419,60.076,189,652,1311,134.893,328.775,95.681
39,44,9,51.748,75.816,2.795,59,207,381,69.189,185.907,60.049,99,327,625,116.843,293.784,98.671
5,5,3,63.111,69.882,5.939,6,23,63,61.508,160.947,68.807,13,38,95,137.661,272.099,103.749
7,7,2,55.017,61.341,2.464,9,24,51,65.063,136.927,50.611,19,45,88,133.122,256.552,86.811
42,56,12,45.919,79.712,2.88,67,273,510,65.508,196.302,61.264,118,444,777,115.277,319.551,93.321
27,32,7,59.716,89.724,3.277,44,154,280,80.82,207.127,66.723,75,249,436,138.3,335.537,104.044
11,16,3,43.103,79.05,2.073,13,45,66,53.005,126.705,33.021,23,98,114,94.645,273.177,57.302
12,13,3,50.098,72.792,2.567,15,52,105,64.305,157.258,58.489,30,96,167,124.526,292.7,92.722
15,17,4,46.209,64.77,2.344,22,79,158,63.565,167.165,55.411,40,136,274,116.811,286.791,96.244
16,22,4,44.601,78.033,2.403,20,83,138,53.32,162.212,47.08,37,142,249,100.362,275.582,85.047
6,5,1,74.493,103.072,4.159,9,37,110,100.114,297.203,118.448,16,53,158,175.142,417.964,169.095
22,27,6,61.218,98.627,3.78,42,156,284,92.047,248.669,72.389,66,244,447,144.532,390.051,114.055
27,35,8,68.2,101.64,4.296,45,216,416,92.247,273.871,92.07,78,333,648,159.082,422.054,143.291
40,45,11,57.885,81.716,3.477,64,254,528,80.626,227.763,81.415,111,372,783,140.446,334.126,120.813
18,23,5,43.883,83.569,2.915,26,110,209,62.142,193.011,58.807,49,203,327,114.289,355.582,91.685
11,12,2,44.066,59.163,1.834,13,47,71,52.902,139.1,38.126,23,73,115,95.37,216.886,61.947
23,29,6,56.199,90.613,2.822,31,128,246,65.609,194.561,62.782,61,215,407,129.404,326.736,103.923
4,4,1,61.936,86.723,3.789,6,26,64,87.06,228.778,94.053,11,37,84,146.203,333.343,124.908
6,8,2,35.086,71.274,2.203,8,36,53,52.565,168.339,45.256,15,64,86,102.363,304.655,72.765
12,13,4,62.76,98.506,3.853,16,49,120,73.93,170.521,64.278,30,88,191,134.97,304.561,101.882
5,7,2,68.231,108.815,4.671,9,41,87,94.439,291.186,96.547,16,60,123,164.076,419.789,135.746
32,38,10,49.856,78.294,2.969,47,170,311,68.097,189.602,52.285,87,293,515,124.113,327.537,86.6
9,7,2,67.111,68.981,3.564,14,47,113,85.316,206.075,85.479,25,71,157,151.467,310.758,118.682
69,100,26,54.306,86.267,3.554,108,506,987,75.509,226.869,75.425,188,801,1530,131.681,359.475,116.849
38,43,9,53.514,78.147,2.653,46,202,354,59.73,190.412,55.115,89,332,554,114.412,312.528,86.127
2,4,1,49.115,66.754,2.571,3,15,18,62.11,147.704,39.329,6,28,27,117.933,266.521,58.98
40,49,10,49.008,79.207,2.707,56,240,448,60.522,195.497,59.12,104,394,681,113.513,320.365,89.973
17,15,4,56.206,60.258,2.737,17,64,117,54.207,148.658,48.177,37,119,202,117.443,275.863,83.192
16,18,6,68.461,97.358,4.512,27,109,295,94.22,262.943,109.932,51,165,443,175.562,398.341,164.738
39,52,13,47.398,76.534,2.922,65,259,514,69.784,189.689,60.152,111,442,786,118.815,323.582,92.071
4,5,1,67.135,103.179,3.938,8,37,73,101.867,288.861,103.884,12,57,101,162.768,438.428,144.373
19,21,5,58.249,80.58,2.646,24,110,194,65.659,210.654,61.56,44,166,298,120.203,319.044,94.343
3,4,1,44.494,71.705,2.395,4,16,28,64.267,170.478,52.202,7,26,41,108.56,278.445,77.575
22,27,7,44.608,67.147,2.231,30,112,205,59.023,159.466,48.059,57,189,360,112.119,269.486,84.142
105,106,23,48.689,60.787,2.343,162,461,713,68.579,150.786,43.228,276,771,1166,116.954,252.1,70.655
10,13,2,30.535,49.333,1.777,13,42,62,45.432,110.745,37.525,26,81,104,89.99,214.435,62.475
2,3,1,69.692,130.209,4.479,5,26,49,108.587,349.457,116.134,7,36,68,170.435,482.987,159.964
29,39,9,50.293,80.998,2.929,34,160,263,54.371,178.154,48.985,71,270,455,114.204,300.709,84.643
27,33,9,59.575,90.001,4.114,49,163,453,91.713,218.674,97.421,83,261,693,156.08,350.262,148.986
7,7,2,56.568,79.659,2.319,8,36,65,60.545,188.852,52.184,16,57,101,121.491,302.678,80.892
24,27,6,60.463,82.444,3.138,34,109,190,76.045,175.202,50.47,63,201,320,140.444,322.386,84.732
2,2,1,53.323,72.246,2.625,3,10,18,65.882,156.416,47.079,6,17,29,133.034,274.068,77.688
15,21,5,41.864,63.9,2.691,20,74,119,52.037,142.502,37.664,38,135,212,101.072,258.983,67.185
3,3,1,77.936,107.616,8.103,6,22,65,104.263,276.528,146.51,11,34,89,188.577,418.844,200.905
25,27,12,51.166,73.147,5.04,37,133,252,67.498,178.068,57.384,65,214,417,118.572,286.819,94.769
10,12,3,45.629,67.059,3.08,13,49,110,55.897,154.884,57.429,25,83,166,106.888,262.434,86.794
150,169,66,56.758,75.716,4.816,223,1016,2190,73.327,230.919,86.964,402,1495,3399,132.326,339.802,134.972
26,38,13,77.364,159.661,8.32,38,192,497,90.776,321.952,140.049,68,284,705,162.07,475.35,198.492
14,17,6,57.823,99.135,4.922,22,105,159,79.506,269.425,66.623,39,169,252,141.069,435.355,105.713
4,4,1,58.802,77.62,3.705,5,23,43,73.541,232.884,68.347,10,35,61,143.673,358.212,95.707
2,5,2,68.541,146.894,9.913,2,30,48,80.677,323.885,106.997,4,48,91,135.786,509.978,199.906
70,75,26,56.223,73.131,3.244,99,391,842,70.306,198.152,59.998,179,664,1432,127.166,336.56,102.102
36,43,12,46.244,70.676,2.947,55,201,351,64.002,181.19,54.469,93,338,617,108.966,304.005,95.718
5,5,2,65.601,82.496,4.168,6,25,63,66.348,186.575,68.144,13,38,100,133.825,280.663,108.189
6,7,2,42.04,62.84,3.931,8,26,60,57.734,146.99,57.859,17,44,97,117.253,253.594,92.977
45,56,14,50.446,79.024,3.131,68,287,492,67.141,208.744,59.097,121,447,753,118.697,325.482,90.33
26,31,9,55.497,78.823,4.045,39,146,296,72.283,195.991,70.296,73,226,435,134.735,304.137,103.205
11,16,4,44.494,77.656,3.149,13,48,82,53.776,132.453,40.897,25,96,133,104.767,266.015,66.469
11,12,5,47.361,64.843,4.79,15,52,98,61.534,157.347,54.148,30,88,147,124.157,269.213,81.496
16,18,5,50.378,71.731,3.074,21,74,163,61.341,157.894,56.878,42,139,290,122.952,294.533,101.128
16,18,5,46.759,64.539,2.836,21,88,152,56.972,174.554,51.457,37,142,250,101.962,282.515,84.486
5,5,2,62.933,95.821,4.786,9,38,122,96.974,308.479,129.992,15,52,161,162.209,418.864,171.865
23,26,9,59.266,101.327,4.572,35,169,309,77.754,273.445,78.284,63,259,457,138.524,419.423,115.569
26,36,15,64.887,108.489,7.202,42,218,431,86.836,275.77,94.517,70,345,672,144.468,435.818,147.513
39,44,16,57.411,80.594,5.402,62,245,579,79.789,220.69,88.931,112,384,821,143.635,346.023,126.12
21,25,7,54.05,88.611,4.029,25,100,211,58.811,174.237,58.819,55,184,354,127.615,321.199,98.552
10,13,2,44.493,63.877,1.882,12,48,79,49.455,144.559,42.272,24,78,130,96.612,234.109,69.487
22,34,8,51.229,95.944,3.555,29,120,262,62.332,184.192,66.485,59,211,398,125.506,323.996,100.901
4,5,2,70.199,104.608,6.327,6,27,72,84.298,238.864,104.83,13,42,105,170.409,380.453,153.61
7,11,2,43.209,84.916,2.894,9,37,66,57.359,173.479,55.786,17,64,95,113.614,298.407,80.047
12,10,6,68.258,76.561,5.765,19,52,129,86.497,182.526,67.065,33,84,202,146.556,293.892,105.142
5,7,2,59.171,109.82,4.618,8,40,91,80.567,282.961,99.299,14,58,130,142.448,406.801,143.034
30,39,12,44.956,81.826,3.527,40,183,288,57.235,205.541,48.28,75,315,517,108.028,353.53,86.627
9,8,4,69.925,87.867,6.007,16,51,114,94.554,228.503,85.516,25,73,173,153.398,327.924,130.414
72,96,30,55.818,85.376,4.22,103,514,1006,72.787,233.827,76.521,175,812,1503,123.717,369.638,114.325
37,42,13,51.035,72.711,3.66,46,210,391,58.046,199.216,59.788,85,321,589,108.956,304.837,90.196
2,5,1,46.11,78.78,3.429,3,14,18,56.307,139.215,37.978,6,25,29,119.871,245.913,63.366
41,48,12,51.442,80.428,2.976,58,254,559,64.102,207.927,73.541,109,403,832,120.07,330.085,109.455
14,15,7,45.925,57.81,4.964,16,60,115,52.036,140.151,46.841,35,114,208,110.98,265.832,84.909
15,18,9,64.563,101.83,6.647,28,128,385,97.728,305.955,140.706,51,184,548,173.535,440.251,200.101
39,53,15,45.645,80.752,3.465,58,270,562,62.452,200.435,65.54,101,436,877,109.291,324.461,102.352
4,5,2,72.336,95.714,6.754,8,41,89,105.045,319.983,126.54,13,54,117,168.483,423.192,166.647
16,20,6,48.086,76.762,3.177,24,101,155,64.042,196.604,48.067,41,152,255,112.134,294.583,79.159
3,4,1,47.524,73.164,4.519,4,16,33,67.187,170.875,60.644,8,25,50,119.818,265.119,92.917
24,26,7,49.567,65.316,2.699,31,128,273,61.563,183.363,63.169,60,207,442,118.315,295.392,102.263
99,100,18,45.24,54.999,1.791,142,450,729,59.352,145.847,43.26,251,784,1229,104.694,254.22,72.969
11,15,3,34.724,57.132,2.873,13,47,65,43.207,120.749,38.593,28,84,116,96.414,217.595,68.698
2,3,1,65.291,123.993,6.976,4,29,60,94.434,381.623,140.002,7,36,76,156.386,480.599,178.091
28,35,10,49.217,76.132,3.287,34,159,283,53.456,179.378,52.193,66,274,429,105.114,308.05,78.921
26,32,18,53.893,85.41,7.373,42,174,508,79.307,232.977,106.914,72,284,784,135.442,381.2,164.944
7,7,2,55.348,74.145,2.756,8,31,67,59.379,165.644,53.928,16,52,111,122.98,280.743,89.018
24,27,8,59.074,86.805,4.389,31,108,220,69.618,172.625,57.957,62,191,339,138.961,304.437,89.564
2,2,1,49.575,76.606,4.103,3,9,18,58.077,150.008,48.756,6,17,29,126.336,269.805,76.78
14,20,7,39.066,62.964,3.49,20,85,155,52.579,164.758,48.639,36,136,257,96.71,263.513,80.809
3,3,2,70.859,89.633,10.548,5,20,67,88.367,262.689,149.677,10,30,93,165.12,394.404,207.371
22,27,13,43.245,68.27,5.279,35,143,307,63.11,190.892,68.469,61,222,518,110.546,297.526,115.48
10,10,3,46.076,56.173,3.32,14,50,139,58.124,159.551,72.093,26,86,201,108.691,270.887,104.318
150,187,64,56.014,84.32,4.479,210,1041,2473,69.323,240.683,96.997,404,1579,3730,133.039,365.263,146.333
26,36,16,78.897,155.565,10.936,38,188,537,90.181,317.394,148.058,72,289,794,169.662,488.089,218.842
15,17,8,66.511,109.249,6.986,22,118,184,79.122,303.527,76.914,41,176,280,147.271,452.101,116.834
4,4,1,56.643,82.181,4.897,5,23,52,74.514,237.259,81.688,9,36,75,134.786,371.996,116.038
2,5,2,73.484,145.743,13.644,3,32,66,82.644,348.51,143.165,5,48,102,146.034,532.019,219.005
72,77,30,56.973,77.283,3.723,106,439,988,74.767,223.871,68.811,191,701,1534,134.627,357.712,106.861
36,40,14,44.675,63.288,3.324,46,203,325,53.851,183.779,49.511,90,331,572,103.929,299.08,87.283
4,5,2,58.722,88.721,4.356,6,22,66,65.436,174.46,70.582,11,35,106,114.307,271.371,113.868
7,7,2,46.827,71.801,4.226,9,28,68,63.423,160.693,63.956,18,50,107,119.999,283.961,100.898
50,58,16,58.438,84.489,4.12,69,318,557,68.853,235.063,66.63,134,477,870,133.357,352.625,104.216
28,33,10,60.323,88.339,4.833,35,154,324,65.063,206.966,76.461,72,251,473,133.117,338.702,111.64
10,16,5,40.529,84.344,3.988,12,62,99,51.11,172.909,49.319,25,111,162,102.195,308.785,80.498
11,14,5,49.812,76.266,4.885,12,52,93,51.583,160.42,51.224,28,94,162,117.648,288.716,89.264
16,18,5,51.631,67.391,3.806,20,81,185,60.077,173.838,64.125,41,135,300,119.35,287.45,103.857
15,15,5,45.331,58.127,3.285,21,92,178,56.679,188.036,59.877,36,142,290,99.181,289.827,97.569
5,5,3,62.364,106.195,7.029,9,43,131,98.925,343.782,138.945,14,57,182,158.137,456.655,193.567
23,25,10,58.792,89.921,5.052,32,160,347,71.271,262.41,87.099,62,240,478,137.608,394.661,120.05
30,41,16,78.849,131.037,8.651,43,240,503,89.071,302.715,109.411,79,356,737,163.875,449.329,160.334
41,48,17,60.212,89.07,5.828,60,267,652,77.254,242.372,99.481,109,418,879,141.523,380.049,134.076
23,29,9,56.688,101.221,5.187,25,110,222,58.126,191.165,61.292,56,188,391,129.497,327.469,107.767
11,13,3,48.384,68.262,2.719,12,51,107,50.457,157.901,56.714,26,87,166,106.896,267.82,88.183
22,33,11,49.257,89.527,4.703,27,120,281,58.02,185.661,70.784,55,206,438,118.05,318.74,110.327
4,5,2,65.344,109.485,6.74,7,28,80,88.037,251.324,115.246,12,45,115,159.144,405.116,165.679
8,11,2,51.979,97.158,3.914,9,40,71,59.965,187.564,59.569,19,65,96,120.359,305.545,80.569
11,11,6,63.053,85.223,5.484,20,74,199,88.19,258.643,101.089,33,102,282,143.669,358.075,143.383
5,7,2,63.728,113.667,5.652,8,41,100,86.373,289.259,108.603,15,61,139,154.374,431.675,151.504
29,42,14,42.259,85.434,3.93,36,199,307,51.556,223.358,51.196,71,315,526,102.807,353.571,87.731
9,9,5,75.447,95.398,7.17,16,54,136,97.419,243.874,101.856,26,74,202,156.237,336.302,150.853
68,90,34,52.102,81.576,5.074,95,503,994,67.491,233.469,75.015,167,778,1491,118.789,361.048,112.601
37,42,15,49.34,69.03,4.082,48,200,425,60.428,190.424,63.954,83,311,630,104.764,297.048,94.706
2,4,1,37.936,74.601,4.242,3,14,23,49.853,144.973,49.334,5,24,38,102.655,249.919,81.306
43,53,15,53.688,87.965,3.853,57,258,522,63.327,212.731,68.256,110,419,814,121.653,345.253,106.492
14,15,7,46.642,66.42,4.73,17,71,133,53.769,168.024,53.912,36,124,228,113.137,291.519,92.643
16,21,10,68.531,123.615,8.691,30,139,505,103.457,331.518,180.742,50,199,680,170.056,475.713,243.557
37,52,17,43.926,79.863,4.122,52,284,557,55.948,213.785,64.77,96,448,890,103.612,337.375,103.407
4,6,3,65.095,101.041,8.108,7,41,96,94.852,318.622,135.052,11,56,122,152.727,436.671,172.088
15,18,6,45.522,68.527,3.529,20,94,163,54.71,183.822,49.693,39,144,279,105.671,282.655,84.813
3,4,1,46.462,70.19,4.242,4,17,29,59.44,182.504,53.958,8,27,52,125.102,291.066,94.841
22,23,6,47.729,63.743,3.121,29,135,282,57.455,194.881,64.396,60,223,465,116.772,321.064,106.128
95,103,29,42.052,55.631,2.673,118,452,788,48.551,146.267,45.855,234,808,1354,96.091,261.883,78.826
11,16,5,31.914,60.982,3.645,14,58,80,47.076,147.145,46.349,28,93,133,91.981,237.419,76.414
2,3,1,72.492,121.414,8.843,5,29,68,107.482,388.04,159.095,8,37,85,178.838,500.82,198.554
26,32,11,45.181,70.64,4.116,34,162,290,54.833,184.691,52.828,65,272,486,103.547,309.919,88.654
27,38,29,58.087,103.023,10.247,48,196,694,89.576,264.844,142.773,80,312,986,149.683,421.23,202.984
5,5,2,46.1,59.502,3.321,7,31,80,54.494,169.444,64.444,14,52,134,106.971,288.044,108.13
23,25,8,55.605,83.364,5.01,26,118,241,59.074,188.162,63.304,56,189,375,126.134,301.301,98.41
2,2,1,44.52,72.832,4.989,3,10,22,57.63,164.955,57.658,5,18,36,117.53,293.316,94.617
14,19,7,40.615,60.559,3.657,23,95,221,61.763,186.689,69.101,38,138,338,102.404,270.892,105.488
4,3,2,78.037,84.995,11.357,5,19,73,78.759,262.684,160.981,10,29,101,164.199,392.976,221.368
25,31,21,51.075,77.786,8.665,35,159,452,62.781,210.667,98.257,67,244,677,119.665,323.384,147.197
11,10,3,50.065,59.215,2.862,13,51,150,56.172,161.97,77.284,27,84,222,113.757,268.483,114.615
169,204,96,64.032,95.863,6.785,213,1065,2676,70.53,250.649,103.852,418,1668,4005,138.2,392.286,155.403
25,29,15,76.533,130.873,13.191,40,195,584,93.862,332.081,157.346,73,289,904,169.253,492.342,243.714
18,18,8,80.842,115.514,8.437,23,117,230,83.498,300.832,95.765,44,180,342,160.862,463.848,142.154
4,4,2,67.197,82.958,6.261,6,25,60,81.936,267.196,92.235,10,39,91,140.317,410.937,139.657
2,4,2,90.263,133.052,15.26,3,28,68,84.719,324.914,142.547,5,45,106,164.071,519.342,224.399
72,82,29,55.116,77.523,3.844,101,449,1124,70.557,228.752,76.706,186,678,1722,130.08,345.845,117.498
42,40,13,53.039,63.126,3.517,52,223,435,60.451,201.754,65.307,101,342,724,116.143,309.113,108.621
4,5,1,60.931,77.11,5.072,5,21,76,53.126,167.027,80.936,11,35,120,112,282.768,127.311
7,7,1,54.661,64.03,3.194,10,30,78,62.843,164.919,71.123,19,51,126,122.946,282.899,115.793
53,55,19,62.66,80.217,4.8,68,301,664,68.608,225.916,79.184,139,465,1031,139.428,349.321,123.064
28,33,9,59.776,96.654,5.187,36,169,362,67.717,228.456,84.579,70,264,533,130.124,357.991,124.607
11,17,5,41.581,85.528,4.173,13,63,109,53.618,175.386,53.89,26,113,187,104.249,316.865,92.452
12,15,7,53.827,86.477,5.728,11,47,93,45.281,145.448,51.312,28,95,204,116.837,294.379,111.885
16,18,6,50.768,70.164,4.157,20,81,203,59.323,174.199,69.82,40,126,312,116.244,270.394,107.472
15,18,6,42.172,67.725,3.686,19,90,186,51.17,188.305,62.151,33,137,297,91.564,286.833,99.535
5,7,7,61.331,157.818,16.951,9,43,140,103.117,351.692,147.505,14,60,203,157.001,491.547,213.406
22,25,9,54.477,84.246,4.877,31,148,321,69.561,247.089,80.081,56,226,456,123.262,376.767,113.884
31,47,14,80.473,148.647,8.987,45,249,512,93.287,313.888,110.157,82,368,768,170.728,463.553,165.195
43,57,24,64.344,104.446,7.317,60,300,708,78.658,274.975,107.024,105,447,1011,137.833,409.181,152.823
20,28,11,50.146,99.831,6.758,27,127,289,62.529,220.888,78.925,54,212,462,124.592,369.592,126.077
11,13,4,47.587,63.856,3.303,12,49,110,49.611,152.567,58.341,26,80,178,107.722,247.055,94.468
22,33,13,50.95,88.308,5.044,29,127,281,62.113,199.646,70.31,56,203,484,120.967,318.955,121.007
4,6,2,62.353,120.325,7.118,7,30,91,96.465,272.999,129.625,11,44,119,146.924,401.48,169.215
8,9,2,57.555,76.481,3.442,10,44,76,61.555,205.405,62.995,19,68,112,124.589,319.378,93.131
11,14,10,58.347,116.761,9.226,21,91,267,91.651,320.867,133.124,33,121,397,142.657,425.479,197.878
6,7,2,73.432,127.347,7.31,8,42,116,88.416,299.524,124.076,15,64,160,160.653,451.742,171.922
33,41,14,49.195,83.851,3.867,38,186,373,56.058,210.821,62.11,76,299,557,110.732,339.563,92.652
10,10,5,78.753,96.648,8.694,16,52,157,95.75,239.644,116.167,27,73,225,161.792,333.711,166.579
66,88,35,52.363,83.63,4.938,91,507,1035,66.195,242.221,78.08,172,795,1589,124.914,379.857,119.79
37,40,13,51.837,68.604,3.965,53,204,415,66.632,192.401,61.327,90,323,691,113.959,304.962,102.119
2,4,1,40.366,69.308,3.73,3,16,28,49.262,171.216,60.302,5,26,43,97.982,274.887,91.087
43,60,20,52.745,93.099,4.964,55,250,513,61.61,206.69,66.599,105,420,823,117.222,347.481,106.919
14,16,6,48.708,71.401,4.702,17,74,151,53.081,175.701,60.949,34,127,255,108.478,301.553,102.776
16,24,18,67.544,144.396,14.326,29,138,502,97.064,331.14,176.764,47,206,723,160.899,495.671,254.779
42,50,13,49.834,77.352,3.782,49,259,603,53.09,197.126,69.782,101,455,986,110.259,346.537,114.066
4,6,3,70.659,115.381,10.193,6,37,90,86.116,292.614,126.962,11,54,124,153.632,429.043,173.919
19,20,6,55.07,68.91,3.448,24,97,231,63.373,191.819,68.917,46,150,383,123.225,294.95,114.365
3,3,1,41.656,68.513,3.063,4,16,31,52.592,177.041,55.774,7,26,52,108.297,286.176,95.232
24,21,5,50.683,55.342,2.688,31,137,314,61.058,198.824,70.664,59,207,473,116.131,299.525,106.386
102,119,44,43.725,62.186,3.624,119,455,829,48.153,146.741,47.236,244,817,1498,99.043,263.59,85.405
10,16,7,27.886,55.658,3.821,14,55,82,44.6,138.126,46.216,27,96,147,88.126,242.277,82.643
3,4,1,95.721,146.633,8.764,5,28,72,126.678,376.687,167.641,9,38,91,206.865,514.363,212.685
27,29,10,46.562,65.005,3.745,35,170,307,56.384,195.027,55.302,67,275,498,106.932,314.793,89.886
28,44,38,62.398,125.148,14.847,54,224,746,99.418,304.44,150.114,87,328,1052,161.081,445.034,211.63
6,6,2,53.111,63.466,3.374,8,34,104,62.507,189.142,83.741,14,54,154,114.211,303.851,124.019
24,24,7,54.635,75.63,3.909,27,132,277,60.891,212.407,72.197,52,191,423,116.569,306.574,110.369
2,2,1,52.923,69.724,4.983,3,10,24,63.352,175.659,63.842,6,18,39,125.316,304.004,104.88
16,19,9,46.155,65.405,5.085,22,93,242,57.989,183.446,74.906,36,152,417,97.182,300.108,129.303
4,3,2,77.775,101.149,12.769,5,22,74,85.4,307.125,162.506,10,29,106,177.482,413.021,233.251
30,29,21,59.971,73.831,8.138,34,159,472,60.367,207.976,100.118,71,230,666,126.965,301.669,141.148
11,12,5,50.178,72.719,5.104,14,49,148,58.163,158.035,76.023,27,82,230,111.994,262.527,117.817
176,187,119,68.27,89.32,8.406,267,1106,3086,88.481,264.822,119.085,477,1687,4476,158.231,404.02,172.718
26,29,13,79.658,124.871,12.09,42,203,591,97.544,343.871,156.205,76,286,903,175.998,485.443,238.595
15,20,10,65.696,116.45,9.558,20,104,253,74.571,272.163,105.194,38,168,377,140.75,439.136,156.441
4,4,2,71.153,93.548,7.93,6,26,69,82.642,275.75,105.257,10,38,101,144.253,415.67,152.947
2,4,2,95.006,113.711,14.97,3,27,69,89.854,307.315,143.004,6,43,115,180.081,498.425,240.092
71,85,35,52.801,74.845,4.808,93,420,1335,64.692,214.531,89.626,174,641,1890,121.129,327.552,126.889
39,45,22,49.27,67.467,5.32,52,217,535,60.388,195.616,79.139,97,340,873,112.19,306.691,129.181
4,4,2,56.969,65.292,7.397,6,23,88,62.92,187.704,93.83,11,36,135,119.22,295.677,143.751
8,7,3,54.31,68.996,6.043,9,33,82,58.997,182.106,73.643,19,53,133,120.381,289.936,118.52
51,53,27,60.357,78.236,6.768,69,284,754,70.117,217.377,89.954,133,445,1170,135.533,340.065,139.596
25,31,14,53.447,89.76,7.218,40,189,416,75.22,256.343,96.579,67,259,603,124.151,351.405,139.73
12,17,6,50.599,75.515,5.428,14,57,105,57.094,161.565,51.771,29,99,199,116.055,281.031,98.022
11,14,7,49.612,77.887,7.298,12,49,117,49.952,153.909,64.178,28,96,226,116.065,299.635,123.545
16,20,10,50.308,81.384,6.15,21,88,254,61.808,189.62,87.077,39,137,378,113.328,296.696,129.381
16,19,9,43.266,67.949,4.543,18,86,191,49.905,184.682,63.908,31,129,304,85.626,275.676,101.697
6,7,5,77.052,143.911,10.93,10,43,153,109.346,351.204,159.727,16,59,214,175.252,486.287,224.235
22,23,11,54.636,80.57,6.431,32,156,368,70.668,263.72,91.638,55,237,521,122.656,400.489,129.716
29,51,21,72.546,152.75,11.282,46,245,596,97.151,310.119,127.287,77,367,874,160.265,465.712,186.692
42,62,32,63.043,126.914,9.298,56,316,800,74.173,293.024,120.179,101,475,1189,133.777,441.357,178.601
21,27,15,51.339,95.83,7.764,29,128,312,65.337,224.651,84.427,55,220,506,125.875,387.48,136.722
11,12,4,45.479,58.306,3.748,14,54,126,56.821,169.864,66.478,24,78,195,98.955,246.228,102.803
22,32,11,50.46,89.302,5.707,27,130,302,58.79,207.349,75.181,53,204,506,113.474,325.17,125.756
5,5,2,74.576,116.971,9.8,7,33,94,97.735,298.507,131.75,12,44,124,159.774,404.577,173.564
9,10,4,62.914,82.902,5.634,11,45,78,67.529,212.449,64.25,22,73,133,138.724,344.711,109.163
13,13,10,73.807,106.633,10.063,22,89,301,96.655,314.858,146.9,39,123,451,167.65,435.023,220.394
6,7,3,76.785,138.051,10.098,8,42,116,81.816,301.583,122.484,15,64,173,161.749,459.242,183.145
33,40,15,52.225,85.946,4.768,45,194,437,66.943,224.974,73.022,78,304,651,114.769,353.597,108.704
11,9,5,87.506,93.95,8.753,16,51,150,98.329,234.845,109.874,31,77,250,186.631,353.806,183.411
67,88,47,55.915,85.977,6.288,97,497,1233,72.002,244.5,93.467,177,782,1913,130.902,384.916,145.02
42,35,17,61.421,64.583,5.94,54,207,538,68.658,194.06,78.331,101,329,885,127.82,308.739,128.925
3,5,2,40.296,87.492,5.561,3,16,29,47.588,170.989,61.935,5,26,47,94.352,287.177,99.027
44,62,24,53.941,100.755,6.292,57,264,682,64.51,220.182,88.23,106,430,1021,118.844,358.143,131.975
14,17,9,46.98,81.874,7.093,19,80,227,58.386,192.163,90.888,36,134,328,111.692,319.487,131.402
17,21,18,71.618,116.63,12.609,32,136,504,107.426,326.369,174.868,55,196,718,185.611,472.804,249.258
47,56,25,58.105,83.033,6.267,56,256,758,61.126,198.049,87.331,109,436,1207,120.102,336.891,139.094
4,6,3,67.773,118.216,10.945,6,38,96,82.969,310.022,134.031,12,55,145,162.087,450.296,202.977
18,19,8,50.665,61.083,4.633,25,93,276,65.628,183.442,80.933,43,139,439,112.65,275.161,128.824
3,4,2,44.474,78.39,5.027,4,14,29,50.977,147.367,51.278,7,24,48,102.421,266.851,86.697
24,28,11,49.373,70.414,4.8,29,125,344,57.034,182.162,76.513,55,203,523,106.537,294.488,116.2
113,127,57,48.602,64.687,4.806,148,484,1057,59.365,155.149,59.174,271,817,1774,109.206,262.164,99.3
12,16,7,36.84,54.784,5.015,14,59,90,45.811,145.029,49.647,32,104,178,102.322,257.061,97.737
3,4,1,93.066,155.362,11.448,5,29,74,128.446,389.936,171.088,9,38,100,211.344,521.768,233.076
29,34,16,48.656,75.266,5.265,34,176,349,54.119,202.553,62.455,61,287,518,96.489,329.603,92.889
29,41,34,63.463,114.453,14.083,54,235,838,99.219,318.022,165.403,89,336,1199,163.818,454.971,236.665
7,8,3,59.672,84.328,5.7,9,36,100,70.514,208.839,81.155,15,58,144,121.996,330.921,116.328
23,29,12,53.793,83.485,6.544,29,127,289,65.794,206.651,74.815,53,201,466,120.078,326.326,120.566
2,2,2,54.893,77.788,6.807,3,10,23,58.839,177.295,59.78,6,18,38,124.362,308.483,100.652