State,Year,Population.26+,Totals.Alcohol.Use Disorder Past Year.26+,Rates.Alcohol.Use Disorder Past Year.12-17,Totals.Alcohol.Use Past Month.26+,Rates.Alcohol.Use Past Month.26+,Totals.Tobacco.Cigarette Past Month.26+,Rates.Tobacco.Cigarette Past Month.26+,Totals.Illicit Drugs.Cocaine Used Past Year.26+,Rates.Illicit Drugs.Cocaine Used Past Year.12-17,Totals.Marijuana.New Users.12-17,Rates.Marijuana.New Users.12-17,Totals.Marijuana.Used Past Month.26+,Rates.Marijuana.Used Past Month.26+,Totals.Marijuana.Used Past Year.26+,Rates.Marijuana.Used Past Year.26+,Totals.Tobacco.Use Past Month.26+,Rates.Tobacco.Use Past Month.26+
Alabama,2002,2812905,138,48.336,1048,372.703,728,258.844,49,16.556,20,59.732,73,25.967,141,50.275,930,330.659
Alaska,2002,368460,27,61.479,206,559.151,92,249.578,5,24.4,4,77.736,26,71.362,46,124.566,112,304.22
Arizona,2002,3329482,258,73.819,1774,532.858,919,275.99,86,32.411,25,64.179,122,36.657,215,64.64,1032,309.969
Arkansas,2002,1687337,101,61.457,664,393.372,539,319.224,26,18.643,13,66.71,57,33.891,104,61.51,660,391.21
California,2002,21392421,1298,55.109,11847,553.801,4028,188.269,410,16.995,158,58.786,978,45.736,1670,78.068,4721,220.699
Colorado,2002,2798960,211,67.113,1758,627.921,712,254.318,83,26.412,23,75.936,168,60.119,300,107.298,836,298.565
Connecticut,2002,2235763,120,53.908,1364,610.183,504,225.643,33,18.187,20,83.099,94,42.218,158,70.859,578,258.6
Delaware,2002,514059,31,57.563,287,558.889,127,247.854,11,16.101,4,79.415,20,39.56,36,70.945,146,283.159
District of Columbia,2002,372907,31,29.961,218,585.239,98,263.999,14,6.466,2,68.901,26,69.323,40,106.759,109,293.435
Florida,2002,11066322,620,53.965,6162,556.781,2610,235.882,220,19.419,77,67.541,526,47.513,900,81.349,3089,279.116
Georgia,2002,5202846,331,47.81,2571,494.115,1348,259.056,108,16.771,40,59.333,165,31.782,331,63.636,1617,310.698
Hawaii,2002,761280,45,64.197,390,512.835,166,217.747,9,17.017,6,70.172,37,49.01,59,77.044,186,243.703
Idaho,2002,794611,52,77.889,408,513.435,180,226.765,7,17.981,7,63.64,25,31.031,42,52.747,216,271.341
Illinois,2002,7825956,564,60.82,4234,540.97,2023,258.512,143,16.724,58,62.369,253,32.348,462,58.985,2373,303.276
Indiana,2002,3788500,230,62.06,1824,481.56,1033,272.616,68,19.954,25,54.761,148,39.114,245,64.789,1228,324.224
Iowa,2002,1847207,114,75.645,1067,577.894,464,251.356,27,21.778,12,53.682,56,30.436,104,56.274,544,294.414
Kansas,2002,1645149,86,51.188,822,499.65,412,250.627,24,17.971,11,51.272,46,27.944,87,52.901,506,307.314
Kentucky,2002,2605898,125,52.574,1049,402.697,879,337.387,50,20.456,19,69.493,99,38.175,177,67.751,1004,385.381
Louisiana,2002,2668243,169,59.666,1262,472.993,732,274.469,65,16.527,20,56.358,89,33.271,154,57.805,850,318.712
Maine,2002,869560,51,55.913,473,544.405,227,260.988,13,21.845,8,83.056,46,53.34,68,77.963,267,306.937
Maryland,2002,3466746,226,53.721,2022,583.384,793,228.843,59,13.767,28,66.743,113,32.664,237,68.399,928,267.636
Massachusetts,2002,4201348,301,73.531,2637,627.54,889,211.581,90,20.544,31,77.447,201,47.945,472,112.412,1045,248.799
Michigan,2002,6298792,444,64.189,3561,565.363,1747,277.355,128,20.767,51,67.834,312,49.524,539,85.498,2036,323.166
Minnesota,2002,3154577,223,72.357,1947,617.306,776,245.859,52,23.487,26,68.649,126,39.95,225,71.283,939,297.813
Mississippi,2002,1704672,91,37.756,609,357.169,502,294.637,30,11.802,11,45.486,47,27.446,80,46.78,611,358.719
Missouri,2002,3550250,213,63.358,1983,558.463,1085,305.597,80,20.329,30,71.002,163,45.91,280,78.729,1285,361.885
Montana,2002,578710,48,112.131,331,571.854,152,262.598,9,25.136,6,90.805,39,67.083,52,90.021,188,325.15
Nebraska,2002,1058402,79,89.415,590,557.695,252,238.442,15,21.607,9,66.346,39,36.56,67,62.889,304,287.566
Nevada,2002,1379759,95,69.304,747,541.201,441,319.471,23,19.736,12,84.232,78,56.828,115,83.078,503,364.718
New Hampshire,2002,830689,59,75.37,525,632.042,207,249.37,16,26.646,8,88.15,61,73.608,94,113.104,256,308.58
New Jersey,2002,5586200,278,51.602,3448,617.177,1255,224.624,95,17.752,43,66.24,164,29.299,279,49.959,1455,260.38
New Mexico,2002,1122984,90,77.317,558,496.692,260,231.938,20,28.077,11,82.554,53,47.416,81,72.406,316,281.426
New York,2002,12316861,727,55.929,7093,575.879,3050,247.615,248,14.14,93,68.483,593,48.169,1010,82.012,3498,283.994
North Carolina,2002,5204654,273,56.608,2143,411.755,1507,289.463,95,19.19,46,78.134,190,36.594,315,60.515,1868,358.82
North Dakota,2002,389658,29,103.299,232,594.18,100,257.15,4,19.538,3,69.59,11,29.425,19,49.459,119,304.989
Ohio,2002,7182193,457,57.977,3893,542.037,2155,300.029,135,16.917,56,66.158,299,41.688,500,69.599,2579,359.106
Oklahoma,2002,2120890,109,56.766,929,438.116,629,296.748,27,18.575,17,63.342,70,33.051,119,55.984,746,351.604
Oregon,2002,2261755,131,58.382,1262,557.883,541,239.406,39,19.104,17,69.408,149,65.73,214,94.699,666,294.629
Pennsylvania,2002,8009346,427,53.442,4256,531.38,2129,265.859,144,14.852,60,66.53,270,33.748,477,59.498,2582,322.407
Rhode Island,2002,688500,53,66.171,416,603.798,174,253.351,17,20.978,5,78.864,39,56.975,64,92.868,202,292.877
South Carolina,2002,2574050,160,48.303,1193,463.55,669,259.724,54,17.079,20,65.633,91,35.231,153,59.593,805,312.678
South Dakota,2002,459901,36,97.708,262,569.772,127,276.965,5,24.051,5,83.853,13,27.378,23,50.207,150,325.339
Tennessee,2002,3699537,171,47.664,1387,374.836,1034,279.522,66,18.46,22,50.895,106,28.782,164,44.399,1253,338.58
Texas,2002,12788834,780,58.449,6376,498.598,3208,250.875,203,25.834,114,65.191,377,29.508,641,50.138,3801,297.251
Utah,2002,1222045,67,47.203,384,313.957,200,163.642,15,15.171,10,44.975,26,21.456,48,39.256,245,200.878
Vermont,2002,403822,24,64.478,245,606.911,93,230.295,7,28.093,4,103.502,26,63.394,41,101.018,115,284.898
Virginia,2002,4560096,265,61.837,2458,539.104,1080,236.913,81,17.184,38,73.392,170,37.254,259,56.811,1309,286.994
Washington,2002,3825493,224,58.29,2308,603.291,839,219.308,49,17.713,31,71.435,184,48.161,346,90.454,971,253.699
West Virginia,2002,1197550,60,63.175,441,368.105,335,279.436,17,26.083,9,72.889,38,31.698,63,52.376,435,362.965
Wisconsin,2002,3425585,253,71.858,2072,604.803,811,236.693,61,19.832,30,71.661,109,31.789,192,56.146,988,288.415
Wyoming,2002,310110,21,75.421,169,543.541,79,255.026,4,17.993,3,64.353,10,32.719,20,63.79,101,325.479
Alabama,2003,2834977,135,48.108,1137,400.951,779,274.905,46,15.842,19,57.088,81,28.499,156,55.134,994,350.657
Alaska,2003,370098,23,56.886,200,539.139,91,246.34,5,20.778,4,77.867,26,70.333,43,115.565,106,287.057
Arizona,2003,3424675,276,74.932,1807,527.693,841,245.571,83,27.566,27,66.348,134,39.126,233,68.067,969,282.873
Arkansas,2003,1703727,86,54.938,699,410.53,498,292.234,23,15.218,12,57.542,61,36.007,103,60.498,612,359.028
California,2003,21686129,1336,63.632,11848,546.34,3621,166.954,417,16.061,169,61.018,1019,46.98,1625,74.923,4238,195.433
Colorado,2003,2828830,220,67.979,1754,619.989,714,252.388,75,19.641,24,79.195,140,49.513,269,95.06,828,292.59
Connecticut,2003,2259754,139,64.449,1440,637.355,503,222.373,32,18.072,21,85.348,97,43.078,174,77.005,577,255.474
Delaware,2003,522123,29,48.705,275,525.786,123,236.268,10,14.715,4,65.887,18,35.43,34,65.872,143,274.026
District of Columbia,2003,367787,33,34.653,215,584.301,98,265.94,11,5.653,2,59.079,19,51.537,39,105.871,106,288.755
Florida,2003,11277251,662,56.203,6086,539.709,2700,239.414,217,16.342,71,59.333,465,41.276,833,73.868,3174,281.421
Georgia,2003,5276693,275,41.268,2546,482.47,1378,261.216,102,14.329,37,56.072,208,39.331,360,68.22,1634,309.671
Hawaii,2003,791438,46,68.888,405,511.814,153,193.869,10,12.972,5,74.496,36,45.824,57,71.927,172,217.209
Idaho,2003,815805,52,72.771,414,508.06,169,206.719,9,18.538,7,65.401,25,31.254,45,55.047,206,252.746
Illinois,2003,7863343,563,60.232,4390,558.261,2075,263.918,150,14.291,59,61.566,292,37.179,541,68.792,2436,309.798
Indiana,2003,3816240,223,56.391,1878,492.214,1020,267.251,64,17.456,27,57.637,139,36.302,249,65.226,1218,319.188
Iowa,2003,1860596,131,73.137,1028,552.562,479,257.512,28,16.858,12,52.555,54,28.953,105,56.458,563,302.49
Kansas,2003,1655732,97,71.276,816,492.952,444,267.896,22,15.529,13,60.363,49,29.683,93,55.971,539,325.336
Kentucky,2003,2611452,137,54.279,1054,403.636,849,325.144,48,16.738,20,73.09,120,45.829,195,74.833,992,379.716
Louisiana,2003,2685275,176,59.615,1276,475.079,767,285.571,53,13.654,21,58.623,84,31.175,146,54.53,880,327.681
Maine,2003,875886,54,64.795,452,515.779,221,252.185,14,20.315,6,72.125,47,54.21,70,79.638,273,311.171
Maryland,2003,3492188,216,51.009,1909,546.79,795,227.753,63,12.128,27,63.718,113,32.42,228,65.239,921,263.82
Massachusetts,2003,4189790,287,65.844,2690,642.12,850,202.818,82,17.098,29,72.817,239,57.023,414,98.697,1025,244.559
Michigan,2003,6328980,385,60.237,3487,550.999,1710,270.232,125,15.66,51,66.869,313,49.494,550,86.833,2009,317.364
Minnesota,2003,3185052,220,67.087,1938,608.333,720,226.031,46,18.719,24,64.39,127,39.921,231,72.379,907,284.617
Mississippi,2003,1720516,92,40.312,643,373.632,476,276.403,28,12.234,11,43.881,46,26.669,86,49.739,580,337.027
Missouri,2003,3583670,264,70.962,1841,513.631,1068,297.916,65,19.915,28,68.97,155,43.285,288,80.366,1275,355.736
Montana,2003,588167,44,103.923,339,576.243,145,246.233,9,18.694,5,86.342,32,54.534,47,80.545,189,321.993
Nebraska,2003,1065283,74,81.821,611,573.19,234,220.077,14,16.427,8,61.677,34,32.371,66,61.845,293,274.905
Nevada,2003,1437719,99,66.876,711,494.352,390,271.082,20,15.123,11,68.309,65,44.945,105,72.746,441,307.004
New Hampshire,2003,839848,50,62.258,532,633.014,198,236.199,16,20.507,7,74.487,50,60.094,85,101.124,242,287.754
New Jersey,2003,5595385,298,55.589,3147,562.411,1226,219.029,86,14.527,41,60.99,162,29.026,290,51.743,1340,239.51
New Mexico,2003,1142829,91,80.395,560,490.229,258,225.807,22,27.672,11,87.619,66,57.905,96,83.86,315,275.789
New York,2003,12344264,661,54.891,6910,559.801,2976,241.084,225,13.863,86,62.796,613,49.672,970,78.614,3379,273.728
North Carolina,2003,5275688,255,44.956,2214,419.666,1368,259.266,83,12.36,39,64.133,198,37.514,321,60.847,1800,341.254
North Dakota,2003,392000,28,91.496,238,607.165,100,256.189,4,17.942,3,67.481,14,34.547,21,53.55,124,316.839
Ohio,2003,7227097,420,56.105,3901,539.708,2073,286.905,114,13.251,53,62.47,289,39.946,468,64.721,2486,343.989
Oklahoma,2003,2144532,120,68.094,919,428.716,638,297.536,27,17.478,15,59.07,72,33.586,126,58.793,745,347.447
Oregon,2003,2296726,155,65.41,1313,571.727,541,235.533,35,17.157,17,69.537,128,55.796,205,89.382,640,278.687
Pennsylvania,2003,8027780,475,56.337,4379,545.43,2086,259.866,160,16.775,57,63.284,310,38.676,539,67.116,2559,318.722
Rhode Island,2003,690482,53,68.887,437,632.518,173,251.229,16,19.328,5,73.838,41,59.219,66,95.516,203,293.567
South Carolina,2003,2594007,183,51.969,1168,450.438,678,261.537,46,19.457,20,62.303,101,38.782,172,66.456,802,309.004
South Dakota,2003,464319,35,96.749,276,593.387,131,281.772,5,18.187,4,72.401,14,29.924,26,55.244,154,332.567
Tennessee,2003,3743398,199,46.901,1438,384.253,1052,280.98,62,15.571,23,53.597,134,35.764,211,56.239,1236,330.067
Texas,2003,12992311,774,55.423,6465,497.565,3401,261.78,216,24.457,102,57.748,379,29.156,664,51.079,3967,305.341
Utah,2003,1248593,64,46.687,387,310.155,217,174.127,18,13.712,9,41.57,32,25.912,56,44.467,257,205.568
Vermont,2003,408025,25,64.629,248,608.065,94,231.275,7,21.168,4,88.156,23,57.314,38,93.67,114,278.854
Virginia,2003,4614672,263,53.556,2425,525.515,1120,242.799,89,13.387,29,53.038,159,34.386,275,59.572,1344,291.278
Washington,2003,3890656,263,65.355,2368,608.745,881,226.542,53,18.052,29,64.707,165,42.504,310,79.679,1029,264.581
West Virginia,2003,1205827,68,65.779,437,362.068,373,309.051,19,22.364,8,70.166,45,37.354,71,58.501,470,389.54
Wisconsin,2003,3459808,321,87.158,2243,648.199,817,236.006,66,22.503,28,69.829,123,35.524,226,65.389,991,286.395
Wyoming,2003,315000,23,78.575,167,530.497,76,239.727,4,16.939,3,69.667,11,34.978,21,65.505,98,311.386
Alabama,2004,2871062,161,54.66,1254,436.939,773,269.372,43,15.926,17,51.428,87,30.454,156,54.321,934,325.489
Alaska,2004,373429,23,59.821,208,557.079,89,238.455,6,19.52,4,71.5,30,79.92,46,122.536,108,288.9
Arizona,2004,3549522,273,70.835,2120,597.332,786,221.432,66,22.733,28,68.894,124,35.071,232,65.256,923,259.99
Arkansas,2004,1729803,90,51.152,697,403.149,471,272.47,23,16.42,11,55.108,63,36.164,106,61.066,599,346.079
California,2004,21850567,1395,60.806,11879,543.667,3822,174.903,322,15.881,164,57.477,1061,48.548,1762,80.63,4459,204.054
Colorado,2004,2865042,214,74.487,1805,629.929,596,207.867,54,18.606,24,74.678,141,49.365,237,82.596,717,250.279
Connecticut,2004,2265842,152,63.069,1474,650.695,488,215.513,39,19.419,19,79.91,112,49.532,212,93.432,569,251.271
Delaware,2004,534950,28,50.043,276,515.899,134,250.135,9,14.018,4,68.35,19,36.341,37,68.743,156,292.493
District of Columbia,2004,364207,32,39.544,222,608.994,93,254.899,12,5.225,2,61.086,19,52.5,41,113.864,103,282.272
Florida,2004,11530104,802,57.603,6382,553.466,2798,242.635,223,17.705,73,60.007,452,39.199,766,66.445,3316,287.626
Georgia,2004,5412379,278,43.069,2537,468.776,1340,247.503,80,12.709,35,50.271,213,39.364,346,63.909,1635,302.034
Hawaii,2004,796942,43,53.72,396,496.298,147,184.144,11,15.016,5,62.499,35,43.639,62,77.956,170,213.193
Idaho,2004,841609,52,70.543,417,495.32,185,219.382,10,17.009,6,55.463,28,32.856,48,56.471,219,260.623
Illinois,2004,7910382,530,57.95,4537,573.549,2092,264.405,145,13.158,58,59.355,287,36.338,512,64.735,2454,310.192
Indiana,2004,3856681,241,59.268,2025,525.01,1064,275.897,58,14.933,29,61.418,125,32.385,224,58.063,1254,325.131
Iowa,2004,1883725,117,74.78,1060,562.753,458,243.358,23,17.037,11,48.695,50,26.39,93,49.328,560,297.108
Kansas,2004,1673455,113,76.12,898,536.751,446,266.555,30,16.512,12,57.027,57,33.846,110,65.913,539,322.289
Kentucky,2004,2645240,149,60.96,1155,436.563,816,308.502,47,16.298,17,59.068,118,44.524,184,69.633,1005,379.762
Louisiana,2004,2712415,180,50.925,1318,486.077,767,282.803,43,11.935,19,52.294,99,36.523,161,59.252,895,329.901
Maine,2004,884793,53,67.226,473,535.076,220,249.143,14,18.945,6,74.833,50,56.045,72,81.546,263,297.2
Maryland,2004,3512136,202,50.499,1991,566.88,773,219.992,65,12.091,26,61.242,120,34.192,231,65.879,914,260.268
Massachusetts,2004,4186567,269,53.238,2625,627.074,917,218.925,81,19.059,26,63.198,190,45.276,332,79.325,1106,264.09
Michigan,2004,6354775,399,55.67,3645,573.559,1742,274.047,107,15.461,49,62.168,287,45.143,511,80.416,2052,322.954
Minnesota,2004,3220581,230,61.026,2093,649.88,731,227.114,46,17.543,23,60.53,163,50.562,261,80.936,896,278.085
Mississippi,2004,1747645,97,44.827,679,388.664,464,265.477,28,13.421,11,47.433,58,32.954,95,54.407,566,324.087
Missouri,2004,3636194,256,70.381,1807,497.062,1058,291.068,56,17.015,25,59.048,131,35.952,257,70.685,1290,354.702
Montana,2004,599979,43,90.116,357,594.358,156,260.557,8,16.474,5,76.86,34,56.534,54,89.425,201,334.907
Nebraska,2004,1077324,75,74.737,621,576.103,249,230.979,14,16.237,7,49.989,32,30.151,64,59.646,296,274.478
Nevada,2004,1493077,102,62.274,761,509.487,399,267.471,18,16.092,11,63.256,65,43.769,106,70.998,465,311.196
New Hampshire,2004,849273,50,60.425,531,625.445,185,217.826,11,18.494,6,59.008,42,49.026,73,85.406,226,266.194
New Jersey,2004,5605723,297,56.837,3255,580.608,1191,212.499,82,16.351,35,52.565,186,33.165,339,60.513,1383,246.719
New Mexico,2004,1167618,81,66.533,595,509.422,261,223.289,17,21.447,10,78.306,49,41.586,80,68.893,309,264.892
New York,2004,12371557,671,53.77,7037,568.822,2946,238.09,223,15.406,79,57.342,601,48.544,1022,82.578,3342,270.107
North Carolina,2004,5379787,316,52.926,2447,454.892,1387,257.788,82,13.053,33,53.132,204,37.955,357,66.451,1719,319.501
North Dakota,2004,398634,28,82.281,244,611.49,97,242.563,4,16.961,3,53.455,13,32.115,20,49.425,122,306.628
Ohio,2004,7263612,410,54.052,3885,534.861,2006,276.168,108,12.325,49,56.716,296,40.702,483,66.46,2391,329.131
Oklahoma,2004,2171414,131,62.46,938,431.921,606,279.262,26,16.702,15,57.587,71,32.913,118,54.492,709,326.37
Oregon,2004,2331124,144,63.066,1404,602.206,564,242.107,32,16.562,18,74.217,142,61.115,219,93.934,659,282.582
Pennsylvania,2004,8059411,478,56.476,4477,555.515,2095,259.891,139,15.182,55,61.002,326,40.446,586,72.674,2509,311.264
Rhode Island,2004,691117,45,58.854,437,632.546,164,237.5,14,18.496,5,76.276,38,55.065,63,91.024,192,277.199
South Carolina,2004,2642693,190,46.099,1196,452.429,756,286.224,46,16.216,19,60.715,99,37.36,168,63.592,867,328.251
South Dakota,2004,472172,33,81.467,295,624.518,115,243.283,5,16.232,4,58.986,14,30.561,24,51.718,144,304.797
Tennessee,2004,3799709,210,48.131,1587,417.646,1112,292.662,63,15.138,25,60.162,164,43.099,274,72.213,1349,354.959
Texas,2004,13267576,851,52.479,6864,517.347,3333,251.215,206,24.081,88,49.183,381,28.75,700,52.771,3992,300.891
Utah,2004,1304188,75,52.263,415,318.218,242,185.479,22,18.802,10,42.905,42,32.414,67,51.31,273,209.27
Vermont,2004,411991,27,64.29,257,622.632,96,233.502,7,20.145,3,73.243,24,58.381,40,95.99,115,278.244
Virginia,2004,4680347,276,50.115,2531,540.749,1114,237.983,83,13.947,29,50.9,152,32.462,260,55.621,1329,283.989
Washington,2004,3955836,268,57.419,2403,607.444,926,234.092,56,15.67,25,53.018,202,51.166,314,79.429,1057,267.181
West Virginia,2004,1215454,64,64.939,429,353.272,386,317.92,21,21.568,6,54.913,47,38.781,73,59.798,498,409.574
Wisconsin,2004,3502106,277,80.494,2420,691.066,910,259.859,52,19.085,27,67.99,135,38.456,238,67.956,1083,309.31
Wyoming,2004,321211,24,80.965,176,548.405,78,242.987,4,18.018,3,69.326,12,36.485,22,67.515,100,310.362
Alabama,2005,2899055,160,49.386,1274,439.526,803,276.982,48,14.212,17,48.558,94,32.476,152,52.344,983,339.205
Alaska,2005,382565,24,59.613,221,578.911,90,235.005,7,17.14,3,58.982,27,70.095,40,104.967,111,291.206
Arizona,2005,3704157,256,56.86,2156,582.075,863,232.866,69,21.541,27,65.501,123,33.3,206,55.599,1026,277.115
Arkansas,2005,1755313,112,65.796,774,441.027,505,287.808,25,16.494,12,63.36,69,39.432,119,67.566,629,358.166
California,2005,22046720,1539,55.341,11972,543.031,4341,196.887,328,16.548,155,54.006,1054,47.801,1736,78.748,4944,224.262
Colorado,2005,2938592,216,68.639,1828,621.987,606,206.175,57,19.414,22,69.351,160,54.475,247,83.887,730,248.419
Connecticut,2005,2272942,152,60.452,1467,645.445,452,198.696,43,19.706,17,68.15,116,50.964,211,92.66,541,237.958
Delaware,2005,541851,29,49.046,293,540.402,130,240.777,9,14.745,4,62.834,20,36.99,36,66.993,151,279.34
District of Columbia,2005,369695,32,35.282,231,626.065,94,253.948,19,6.09,2,61.151,24,64.096,41,110.363,106,286.784
Florida,2005,11819668,756,51.716,6727,569.127,2801,236.984,234,16.935,71,57.347,437,36.97,743,62.823,3324,281.261
Georgia,2005,5604242,322,44.968,2675,477.255,1298,231.678,90,14.431,34,46.204,234,41.792,367,65.559,1663,296.738
Hawaii,2005,806534,48,46.963,397,492.715,154,191.16,11,14.105,4,58.992,31,38.415,56,69.99,174,215.681
Idaho,2005,869082,56,71.718,435,500.358,197,227.195,9,16.78,6,50.23,30,35.053,48,55.019,235,270.576
Illinois,2005,7966227,479,56.168,4403,552.734,2017,253.231,137,15.65,53,55.03,271,34.019,471,59.073,2362,296.557
Indiana,2005,3913195,233,50.42,2032,519.266,1091,278.9,56,15.679,28,56.371,141,35.959,229,58.484,1300,332.198
Iowa,2005,1887732,128,80.012,1040,551.174,453,239.95,19,18.385,12,52.683,55,28.969,94,49.902,570,301.937
Kansas,2005,1685072,111,72.943,933,553.812,435,258.336,38,17.241,11,51.83,67,39.833,120,71.048,542,321.788
Kentucky,2005,2675718,133,57.922,1167,436.252,804,300.485,38,16.079,16,53.86,88,32.758,153,57.075,1012,378.294
Louisiana,2005,2663520,165,43.452,1378,517.197,724,271.978,43,11.488,19,54.551,99,37.226,170,63.703,898,337.145
Maine,2005,891125,53,59.719,510,572.618,231,259.594,12,17.327,6,75.514,55,61.564,80,89.554,267,299.347
Maryland,2005,3545971,198,50.319,2015,568.285,764,215.375,56,13.762,23,53.635,115,32.514,202,57.055,897,252.953
Massachusetts,2005,4187314,276,54.994,2545,607.831,948,226.345,108,17.444,27,63.343,220,52.591,356,85.125,1142,272.846
Michigan,2005,6379828,423,52.68,3806,596.636,1748,273.988,94,15.084,46,58.249,286,44.78,516,80.847,2058,322.647
Minnesota,2005,3249410,241,66.352,2130,655.4,746,229.502,49,18.426,22,57.106,172,53.038,252,77.668,919,282.799
Mississippi,2005,1758458,94,44.346,674,383.249,487,276.993,27,11.772,11,46.098,62,35.348,99,56.049,597,339.262
Missouri,2005,3671275,246,64.16,1901,517.673,1079,293.803,53,16.904,22,50.339,135,36.854,255,69.475,1300,354.124
Montana,2005,605606,49,106.066,356,588.482,160,264.648,10,16.674,4,63.931,42,69.89,59,97.742,200,329.83
Nebraska,2005,1083695,81,70.857,606,558.761,268,247.489,16,15.845,7,45.978,36,33.056,65,59.718,319,294.751
Nevada,2005,1551580,108,63.645,861,554.939,421,271.203,21,19.195,11,62.83,80,51.306,117,75.329,486,313.343
New Hampshire,2005,860562,53,63.811,556,646.228,184,214.278,12,18.771,6,57.72,42,49.345,69,80.323,221,257.009
New Jersey,2005,5639515,289,53.627,3385,600.204,1126,199.596,86,16.336,38,57.193,195,34.579,352,62.417,1393,246.94
New Mexico,2005,1183171,79,64.16,566,478.725,272,229.647,17,18.988,9,72.705,46,39.085,75,63.061,322,272.075
New York,2005,12383739,689,52.898,7142,576.736,2947,237.953,273,14.812,79,56.922,595,48.078,1048,84.601,3333,269.183
North Carolina,2005,5515308,303,48.101,2515,456.08,1435,260.207,94,14.479,33,51.877,209,37.976,369,66.877,1721,312.097
North Dakota,2005,394935,27,81.768,237,600.394,93,236.728,3,15.551,2,45.088,11,28.588,17,41.931,115,292.033
Ohio,2005,7288639,450,53.108,3916,537.245,2031,278.661,129,15.032,50,57.238,307,42.052,522,71.623,2418,331.802
Oklahoma,2005,2187319,130,50.287,943,431.303,684,312.536,28,15.513,14,52.582,80,36.467,125,57.006,808,369.228
Oregon,2005,2383671,128,62.206,1383,580.184,522,218.79,28,18.931,17,71.246,144,60.349,225,94.477,623,261.474
Pennsylvania,2005,8088579,434,51.721,4453,550.53,2073,256.28,128,14.437,53,58.594,324,40.015,579,71.524,2483,307.006
Rhode Island,2005,687555,48,53.542,442,642.259,162,235.866,18,19.067,5,71.411,41,59.606,69,100.123,192,279.618
South Carolina,2005,2698757,169,45.149,1287,477.028,806,298.717,46,12.423,18,54.191,98,36.232,152,56.468,921,341.183
South Dakota,2005,477378,37,69.374,292,612.671,120,251.384,5,16.412,3,51.103,16,34.032,25,52.505,150,314.86
Tennessee,2005,3851545,209,48.427,1689,438.654,1224,317.78,80,15.095,24,57.223,165,42.875,283,73.44,1479,383.984
Texas,2005,13620520,926,49.852,7164,525.948,3496,256.656,222,20.579,94,51.67,361,26.475,705,51.736,4238,311.139
Utah,2005,1353274,77,50.726,466,344.002,253,186.962,21,18.8,10,39.364,37,27.219,66,48.814,294,217.431
Vermont,2005,414171,27,65.54,262,632.21,96,230.931,8,19.586,3,77.52,28,66.909,45,108.304,116,279.866
Virginia,2005,4767472,275,49.531,2621,549.707,1143,239.742,79,15.146,31,56.091,178,37.381,264,55.286,1347,282.44
Washington,2005,4037966,257,58.595,2321,574.694,910,225.32,61,17.89,26,56.818,249,61.739,342,84.695,1087,269.124
West Virginia,2005,1219878,60,53.86,440,360.391,397,325.528,20,20.495,6,53.668,49,39.979,70,57.219,499,409.418
Wisconsin,2005,3530390,230,60.742,2377,673.411,957,270.966,39,16.476,24,57.341,129,36.471,226,63.886,1138,322.384
Wyoming,2005,324179,23,76.436,190,586.106,86,264.547,4,17.891,2,65.907,15,47.267,23,71.688,108,333.04
Alabama,2006,2919719,156,48.496,1205,412.686,846,289.616,45,13.287,18,50.085,92,31.572,163,55.699,1002,343.2
Alaska,2006,395433,24,59.415,232,586.544,95,239.276,8,14.503,3,58.348,24,60.03,40,100.564,116,294.439
Arizona,2006,3852843,241,49.593,2127,552.038,964,250.109,90,24.444,26,54.375,138,35.841,229,59.499,1107,287.33
Arkansas,2006,1778618,117,70.434,808,454.109,525,295.314,27,14.862,11,57.329,73,41.122,124,69.98,633,355.877
California,2006,22275311,1526,57.343,11703,525.363,4452,199.847,389,17.216,150,52.316,1018,45.699,1726,77.48,5099,228.918
Colorado,2006,3028921,229,72.791,1933,638.275,696,229.703,70,20.49,23,78.479,176,58.096,263,86.707,860,283.824
Connecticut,2006,2273192,149,69.162,1501,660.502,447,196.807,39,17.453,17,67.006,88,38.728,165,72.562,567,249.465
Delaware,2006,547985,30,43.679,311,568.141,134,245.312,11,13.246,3,51.395,22,40.938,41,74.321,155,283.141
District of Columbia,2006,377906,32,35.9,229,605.132,98,258.039,20,7.523,2,61.751,26,68.708,42,110.34,108,285.659
Florida,2006,12041147,720,49.641,6732,559.122,2964,246.136,202,16.519,68,55.108,435,36.145,760,63.109,3481,289.058
Georgia,2006,5761385,332,42.581,2865,497.36,1407,244.126,124,14.757,36,48.667,237,41.115,408,70.828,1793,311.226
Hawaii,2006,819708,61,59.309,410,500.62,167,203.41,12,14.106,5,63.343,30,37.207,47,57.005,184,224.161
Idaho,2006,893079,55,65.886,398,445.774,187,209.863,9,14.192,6,50.15,32,35.826,47,52.391,227,254.15
Illinois,2006,8011425,535,58.106,4437,553.842,2030,253.429,145,15.013,52,53.984,286,35.687,499,62.246,2387,298.008
Indiana,2006,3967335,233,49.517,2098,528.753,1084,273.106,61,14.162,29,59.756,160,40.33,254,64.13,1320,332.794
Iowa,2006,1882850,140,72.165,1035,549.697,463,246.136,21,14.419,13,53.575,45,24.001,85,45.405,566,300.429
Kansas,2006,1693284,111,69.977,925,546.006,421,248.602,25,17.282,11,48.288,63,37.213,99,58.745,525,310.005
Kentucky,2006,2710811,136,48.529,1146,422.685,781,288.26,38,15.422,19,67.394,100,36.893,184,68.04,979,361.245
Louisiana,2006,2604053,167,44.454,1380,529.941,702,269.632,53,10.804,19,55.412,97,37.126,182,69.703,856,328.559
Maine,2006,894906,54,57.233,493,550.637,239,267.535,14,15.127,6,68.669,50,55.696,74,83.082,272,304.315
Maryland,2006,3571216,226,52.065,2035,569.768,798,223.538,69,13.531,24,56.306,110,30.783,211,59.015,930,260.291
Massachusetts,2006,4200845,306,59.683,2657,632.406,858,204.324,96,15.266,29,71.8,218,51.818,375,89.161,1047,249.184
Michigan,2006,6401469,426,55.798,3758,587.101,1617,252.534,93,11.64,45,57.843,317,49.523,517,80.753,1934,302.195
Minnesota,2006,3276237,245,69.97,2108,643.569,777,237.092,54,17.363,22,54.761,166,50.736,248,75.778,961,293.269
Mississippi,2006,1756337,92,38.763,679,386.748,472,268.622,24,8.176,11,41.893,57,32.696,91,51.929,588,335.04
Missouri,2006,3701021,237,58.283,1955,528.317,1091,294.758,59,15.9,24,51.73,145,39.304,266,71.971,1256,339.481
Montana,2006,611324,45,81.705,355,580.875,137,224.324,9,14.319,4,65.346,39,63.403,49,79.402,179,293.442
Nebraska,2006,1085658,76,65.324,604,556.16,264,242.845,14,12.434,7,46.557,36,33.1,58,53.198,313,288.084
Nevada,2006,1609285,109,63.25,904,561.583,435,270.38,27,20.57,9,55.421,72,44.613,120,74.315,484,300.454
New Hampshire,2006,868239,57,62.736,570,656.746,191,219.758,15,17.19,6,63.167,47,54.579,81,93.821,223,257.174
New Jersey,2006,5662105,301,51.605,3295,582.009,1205,212.806,80,13.145,36,52.888,171,30.258,344,60.807,1437,253.792
New Mexico,2006,1198968,76,65.394,548,457.197,264,219.795,23,21.428,9,75.666,54,45.258,82,68.106,324,270.208
New York,2006,12397704,663,46.523,7177,578.877,2767,223.153,274,13.165,80,57.596,570,45.963,986,79.539,3120,251.657
North Carolina,2006,5664014,302,42.194,2521,445.044,1453,256.613,106,12.693,36,53.267,201,35.561,355,62.625,1766,311.841
North Dakota,2006,388842,29,79.162,243,623.889,92,236.032,4,13.167,2,52.139,13,34.2,19,48.647,111,286.506
Ohio,2006,7315244,484,56.584,3883,530.75,2073,283.389,135,14.479,55,64.733,289,39.485,516,70.473,2459,336.114
Oklahoma,2006,2202862,123,46.617,971,440.948,683,310,28,14.517,14,50.691,82,37.077,129,58.786,810,367.93
Oregon,2006,2436662,134,53.22,1457,598.119,553,227.143,42,19.492,17,67.347,139,57.079,231,94.783,666,273.211
Pennsylvania,2006,8099649,422,49.104,4532,559.561,2027,250.223,120,13.372,52,57.184,279,34.418,501,61.906,2451,302.587
Rhode Island,2006,683457,48,54.753,450,659.035,164,240.612,22,20.009,5,75.851,47,68.878,73,106.653,195,285.049
South Carolina,2006,2759373,179,50.189,1370,496.456,808,292.805,43,11.774,17,49.872,90,32.455,160,57.896,927,336.069
South Dakota,2006,484977,36,69.027,292,602.754,119,245.782,6,12.132,3,47.037,18,36.976,25,50.69,146,300.674
Tennessee,2006,3921118,238,55.037,1654,421.836,1204,307.02,80,14.857,24,55.75,153,38.929,276,70.402,1417,361.278
Texas,2006,13969152,856,50.082,7079,506.78,3540,253.415,233,20.397,95,51.409,385,27.562,693,49.589,4201,300.769
Utah,2006,1398474,74,43.256,463,330.841,239,171.223,20,13.852,9,34.193,37,26.417,58,41.159,283,202.687
Vermont,2006,415768,27,59.708,262,631.237,92,221.721,8,15.856,3,81.474,28,67.522,44,106.256,116,279.647
Virginia,2006,4833297,288,48.824,2686,555.789,1122,232.134,92,15,30,54.569,215,44.478,318,65.697,1332,275.61
Washington,2006,4127451,260,56.829,2379,576.374,887,214.843,75,18.562,26,55.514,232,56.214,343,83.158,1087,263.248
West Virginia,2006,1221268,60,45.712,449,367.768,380,311.073,19,15.685,6,52.822,41,33.803,72,58.864,464,379.659
Wisconsin,2006,3562535,260,64.407,2322,651.813,976,274.016,59,17.004,25,61.544,142,39.85,236,66.376,1125,315.844
Wyoming,2006,327096,25,80.591,192,585.848,92,282.058,5,15.969,2,67.516,15,45.93,23,71.665,116,355.771
Alabama,2007,2945019,158,45.596,1234,419.022,804,272.868,36,10.322,16,45.213,90,30.587,163,55.397,956,324.691
Alaska,2007,402686,25,55.828,241,597.247,96,239.215,10,17.14,3,61.479,29,72.042,46,113.748,119,294.504
Arizona,2007,3970487,259,60.259,2241,564.538,955,240.488,96,20.627,25,54.975,157,39.644,275,69.282,1108,279.068
Arkansas,2007,1798383,101,53.003,811,450.748,564,313.455,29,12.307,10,49.327,69,38.406,140,77.617,655,364.462
California,2007,22463775,1389,55.925,11946,531.786,4371,194.592,367,15.85,157,55.822,1037,46.16,1782,79.338,5074,225.877
Colorado,2007,3099040,222,68.692,2045,659.816,751,242.225,84,20.721,22,74.241,212,68.407,299,96.527,905,292.181
Connecticut,2007,2270009,152,62.254,1476,650.3,481,211.893,39,16.193,17,65.952,96,42.08,169,74.431,583,256.692
Delaware,2007,555898,33,47.075,324,582.316,145,261.513,12,11.184,3,53.768,26,46.013,43,76.563,168,302.888
District of Columbia,2007,382077,31,32.611,238,622.009,104,272.663,16,5.966,2,68.32,26,67.865,43,111.346,113,295.641
Florida,2007,12159193,764,47.918,6794,558.734,2937,241.548,186,14.668,64,51.703,492,40.436,849,69.82,3501,287.911
Georgia,2007,5874242,325,38.451,3041,517.629,1556,264.838,102,10.862,37,52.416,227,38.672,440,74.962,1884,320.698
Hawaii,2007,828347,59,56.627,420,506.842,175,211.395,14,15.275,5,65.54,41,49.735,59,70.794,194,233.917
Idaho,2007,913888,51,56.848,414,453.21,196,214.306,8,14.132,6,52.843,36,39.792,55,60.652,230,251.168
Illinois,2007,8046718,547,51.677,4672,580.553,1994,247.83,133,11.709,52,54.559,296,36.735,533,66.206,2356,292.811
Indiana,2007,4001008,222,52.391,2092,522.993,1084,271.039,64,13.011,27,58.043,170,42.497,279,69.837,1313,328.068
Iowa,2007,1894591,127,63.025,1075,567.394,445,234.659,13,11.354,11,45.071,40,20.907,70,37.151,542,286.175
Kansas,2007,1708875,108,59.693,911,533.082,410,240.026,18,14.25,11,52.933,58,33.667,95,55.341,501,293.339
Kentucky,2007,2745161,129,40.892,1144,416.704,879,320.246,35,12.891,19,64.848,109,39.568,191,69.599,1055,384.454
Louisiana,2007,2648484,163,40.798,1320,498.513,718,270.957,63,9.517,17,45.225,88,33.121,162,61.029,831,313.749
Maine,2007,897986,50,51.358,494,549.718,231,257.413,16,13.37,6,64.102,53,59.255,75,83.857,266,296.023
Maryland,2007,3582541,234,46.143,2101,586.445,755,210.609,63,10.346,26,59.261,123,34.201,258,71.882,902,251.833
Massachusetts,2007,4219456,278,52.871,2722,645.171,815,193.188,64,13.374,30,71.578,184,43.569,329,77.915,987,233.999
Michigan,2007,6405116,406,54.051,3706,578.553,1608,251.013,101,11.347,43,56.84,314,48.992,497,77.561,1923,300.221
Minnesota,2007,3308617,267,66.999,2208,667.362,791,238.93,57,15.626,19,48.991,158,47.757,245,73.989,948,286.483
Mississippi,2007,1764673,91,38.166,705,399.426,454,257.531,18,6.572,11,42.006,54,30.647,84,47.73,568,321.607
Missouri,2007,3738674,232,57.267,1978,529.12,1020,272.726,54,13.27,23,53.217,137,36.51,242,64.669,1219,325.987
Montana,2007,621245,44,70.306,381,612.808,138,222.879,9,12.863,4,67.982,36,58.073,50,80.091,181,291.121
Nebraska,2007,1092664,74,63.224,643,588.741,263,240.626,10,12.084,7,50.072,34,31.573,61,55.9,310,283.327
Nevada,2007,1646368,111,60.903,917,557.071,452,274.436,31,21.226,10,57.274,75,45.621,128,77.462,501,304.152
New Hampshire,2007,872225,53,56.276,584,668.993,190,217.812,13,14.783,6,69.438,55,63.186,87,100.187,228,261.073
New Jersey,2007,5652902,313,44.403,3254,575.622,1270,224.706,72,11.887,30,41.979,172,30.45,299,52.898,1457,257.758
New Mexico,2007,1217991,75,58.826,581,477.012,261,214.561,15,16.52,9,71.208,48,39.592,76,62.226,311,255.555
New York,2007,12500501,702,47.594,7276,582.02,2595,207.612,261,12.508,78,57.224,535,42.833,940,75.191,2959,236.729
North Carolina,2007,5782173,328,42.541,2744,474.51,1538,265.907,128,10.589,41,64.608,244,42.148,407,70.407,1841,318.422
North Dakota,2007,391328,26,68.583,238,608.302,91,233.32,3,10.729,2,51.15,14,34.934,19,47.757,109,279.043
Ohio,2007,7350420,483,55.685,3947,536.916,2045,278.235,97,12.27,51,59.706,282,38.394,494,67.219,2465,335.342
Oklahoma,2007,2229744,122,47.52,957,429.381,603,270.576,22,13.858,14,48.585,76,34.142,129,58.017,737,330.73
Oregon,2007,2477185,161,58.505,1563,630.821,611,246.738,63,16.106,17,70.909,161,64.941,253,102.052,737,297.45
Pennsylvania,2007,8116495,444,48.208,4592,565.763,2069,254.899,134,13.856,48,53.507,267,32.944,472,58.137,2484,306.017
Rhode Island,2007,680188,42,53.3,437,641.926,162,237.67,23,16.264,5,74.62,51,74.418,70,102.796,187,275.174
South Carolina,2007,2817192,180,44.096,1403,498.095,774,274.741,54,10.513,16,48,99,35.268,163,57.952,905,321.258
South Dakota,2007,494494,34,64.178,296,598.64,116,233.625,4,10.751,3,49.303,17,34.563,24,48.256,143,288.244
Tennessee,2007,3996018,223,44.242,1673,418.704,1150,287.805,76,11.553,22,48.04,164,41.083,296,74.174,1370,342.951
Texas,2007,14256754,810,48.697,7117,499.229,3365,236.037,210,16.396,91,48.825,407,28.572,698,48.969,4020,281.951
Utah,2007,1458451,77,41.421,449,307.939,225,154.475,15,13.56,10,38.185,40,27.512,58,39.855,263,180.29
Vermont,2007,417049,24,54.883,264,633.308,89,212.653,8,13.129,3,75.163,29,68.972,44,104.778,116,277.166
Virginia,2007,4873378,302,51.658,2763,566.946,1112,228.205,79,13.133,30,56.62,187,38.276,316,64.86,1302,267.094
Washington,2007,4199736,278,54.588,2547,606.549,943,224.561,71,15.208,25,53.76,242,57.558,376,89.623,1113,264.983
West Virginia,2007,1224679,63,46.736,476,388.714,347,283.678,23,13.429,6,50.883,40,32.675,74,60.625,448,366.06
Wisconsin,2007,3601989,248,65.646,2300,638.489,967,268.568,84,15.769,25,60.349,155,43.122,248,68.985,1130,313.78
Wyoming,2007,332809,24,73.804,185,557.218,88,265.556,3,14.123,2,64.904,12,36.53,20,61.133,115,344.766
Alabama,2008,2974610,162,41.228,1334,448.369,803,269.786,33,7.569,16,44.659,100,33.529,175,58.909,991,333.293
Alaska,2008,409778,28,53.149,243,593.676,97,237.75,10,14.459,3,63.478,38,93.036,52,126.728,118,289.141
Arizona,2008,4050064,253,54.003,2211,545.999,885,218.494,68,13.783,27,61.007,197,48.591,295,72.922,1028,253.876
Arkansas,2008,1818264,101,49.024,815,447.981,556,305.567,21,8.895,10,51.486,80,43.957,143,78.484,651,358.094
California,2008,22568441,1492,52.708,12185,539.929,4292,190.17,352,13.912,182,66.644,1256,55.653,2010,89.062,5063,224.347
Colorado,2008,3153539,230,63.222,2085,661.121,679,215.191,81,13.726,24,81.132,231,73.098,340,107.868,831,263.655
Connecticut,2008,2276860,164,59.198,1436,630.761,471,206.873,34,12.584,18,70.949,107,46.994,188,82.544,560,245.757
Delaware,2008,564013,36,48.625,334,591.796,140,249.04,11,9.11,4,66.653,24,42.9,41,73.507,167,296.476
District of Columbia,2008,385608,31,30.374,245,635.336,93,240.752,14,4.336,2,72.511,23,60.673,39,101.075,107,276.645
Florida,2008,12261205,745,43.277,6692,545.769,2790,227.583,179,10.519,65,53.453,533,43.509,905,73.825,3292,268.468
Georgia,2008,5963681,341,33.761,3112,521.856,1474,247.151,71,8.095,37,54.625,266,44.626,486,81.513,1742,292.043
Hawaii,2008,828273,53,58.328,422,509.469,161,194.618,12,12.456,4,64.159,57,68.406,72,87.385,177,213.168
Idaho,2008,930335,54,51.639,458,491.859,215,230.668,7,12.449,7,54.951,39,42.057,67,71.515,249,268.177
Illinois,2008,8068047,500,43.227,4647,576.019,1966,243.657,124,9.862,52,56.544,311,38.588,566,70.115,2295,284.423
Indiana,2008,4034745,225,50.059,2050,508.2,1069,264.92,47,10.912,27,58.131,168,41.743,286,70.811,1283,317.993
Iowa,2008,1905387,132,66.7,1132,594.293,468,245.792,13,11.132,12,53.415,56,29.243,93,48.997,572,300.116
Kansas,2008,1723761,108,56.813,977,566.621,417,241.938,16,11.13,12,56.542,59,33.965,103,60.032,516,299.075
Kentucky,2008,2771834,137,38.304,1111,400.959,897,323.754,26,10.244,17,54.605,91,32.714,169,60.991,1064,383.698
Louisiana,2008,2716104,162,36.341,1362,501.62,739,271.986,56,8.429,15,38.883,88,32.556,150,55.141,853,313.998
Maine,2008,902774,50,40.648,524,580.783,226,250.316,15,11.332,5,54.266,69,76.914,89,98.524,264,292.78
Maryland,2008,3612130,220,37.011,2098,580.933,703,194.547,45,8.702,22,56.125,128,35.552,252,69.811,857,237.228
Massachusetts,2008,4263188,242,47.388,2764,648.337,858,201.254,75,11.764,29,71.302,249,58.375,418,98.065,1017,238.527
Michigan,2008,6402870,412,48.983,3739,583.917,1656,258.701,95,10.532,44,59.749,354,55.212,545,85.076,1931,301.656
Minnesota,2008,3344152,254,57.662,2191,655.14,743,222.235,43,11.208,19,48.539,138,41.301,232,69.234,872,260.682
Mississippi,2008,1778519,96,36.76,746,419.628,477,268.246,20,6.28,10,40.899,56,31.458,94,53.001,573,321.927
Missouri,2008,3786858,238,51.485,2005,529.534,988,260.851,58,10.014,22,51.104,157,41.527,251,66.183,1233,325.472
Montana,2008,629651,47,82.346,390,619.493,151,239.136,10,11.676,4,66.719,36,57.238,51,80.393,189,300.291
Nebraska,2008,1100620,76,56.546,624,566.67,264,240,12,11.031,7,44.827,39,35.029,67,61.244,316,287.115
Nevada,2008,1668924,109,54.03,978,586.273,417,249.704,30,15.019,12,71.596,84,50.57,129,77.449,480,287.756
New Hampshire,2008,880070,53,50.915,598,679.122,198,225.345,17,12.311,6,62.904,61,69.093,93,105.474,241,274.048
New Jersey,2008,5658877,314,37.087,3246,573.682,1151,203.338,75,10.376,34,48.922,169,29.863,321,56.738,1391,245.778
New Mexico,2008,1230799,87,66.38,616,500.492,270,219.504,18,12.966,10,78.446,55,44.924,84,68.155,315,256.211
New York,2008,12574826,799,53.117,7365,585.712,2584,205.471,254,10.861,81,60.525,612,48.67,1048,83.372,2972,236.351
North Carolina,2008,5878891,310,33.999,2939,499.845,1572,267.336,105,9.289,41,62.377,264,44.864,423,72.034,1865,317.154
North Dakota,2008,395073,24,52.888,235,594.601,94,238.563,3,10.491,2,42.82,13,33.003,19,48.523,114,288.734
Ohio,2008,7401492,463,51.88,4003,540.796,1941,262.289,77,10.244,46,55.93,288,38.871,483,65.234,2351,317.636
Oklahoma,2008,2253581,140,49.625,1066,473.118,633,281.008,22,11.389,14,48.654,89,39.626,161,71.581,790,350.703
Oregon,2008,2507377,181,63.266,1594,635.839,621,247.755,49,12.327,18,78.746,178,71.096,261,104.025,741,295.646
Pennsylvania,2008,8192882,455,42.148,4737,578.138,2073,252.988,149,10.849,48,53.672,311,37.977,543,66.236,2513,306.746
Rhode Island,2008,679594,46,48.641,427,627.768,149,219.328,22,12.796,5,71.963,47,69.428,64,93.939,173,254.135
South Carolina,2008,2872669,202,39.765,1402,488.22,785,273.311,75,8.335,16,47.737,120,41.604,184,64.04,907,315.866
South Dakota,2008,500732,38,67.374,305,609.292,121,241.369,4,9.518,3,51.693,17,34.383,28,55.503,151,301.615
Tennessee,2008,4049989,215,32.775,1732,427.708,1163,287.081,50,9.327,20,41.055,151,37.243,281,69.464,1379,340.52
Texas,2008,14523007,850,46.258,7483,515.238,3268,225.05,203,11.597,99,52.017,422,29.057,769,52.926,3981,274.116
Utah,2008,1500232,74,33.107,461,307.192,253,168.324,12,11.627,11,39.417,34,22.704,62,41.271,282,188.042
Vermont,2008,419240,26,49.236,264,628.699,89,212.855,9,12.247,3,73.72,33,77.549,46,110.863,111,265.811
Virginia,2008,4928699,319,50.702,2653,538.253,1123,227.941,64,10.241,32,59.806,170,34.495,311,63.192,1332,270.255
Washington,2008,4262578,251,47.439,2581,605.419,962,225.644,65,12.003,25,56.826,236,55.324,387,90.827,1123,263.48
West Virginia,2008,1229556,67,44.535,475,386.623,372,302.955,24,10.502,7,53.306,46,37.415,85,68.768,473,384.388
Wisconsin,2008,3632151,234,54.253,2376,654.178,914,251.543,77,11.895,24,61.569,151,41.638,248,68.224,1082,297.885
Wyoming,2008,339021,23,69.572,195,574.094,88,260.854,3,11.269,2,64.722,11,33.653,21,62.676,114,335.829
Alabama,2009,2993410,178,42.954,1359,453.932,826,276.034,24,6.722,16,45.413,99,32.954,191,63.953,996,332.852
Alaska,2009,414553,28,49.068,237,570.994,109,262.625,8,8.82,3,68.671,41,98.197,58,139.24,132,318.907
Arizona,2009,4111148,269,48.839,2112,513.64,924,224.659,59,11.118,28,63.267,197,47.825,328,79.805,1067,259.555
Arkansas,2009,1833369,102,45.373,778,424.3,524,285.775,16,8.511,10,50.029,73,39.581,123,66.919,625,340.759
California,2009,22773074,1566,53.891,12132,532.718,4141,181.82,352,12.775,185,68.778,1358,59.631,2234,98.088,4813,211.328
Colorado,2009,3192744,227,56.775,2135,668.721,652,204.117,75,11.5,28,93.085,283,88.579,400,125.383,828,259.428
Connecticut,2009,2285109,148,48.163,1439,629.783,469,205.442,28,10.376,17,72.289,113,49.582,213,93.123,552,241.757
Delaware,2009,572665,34,47.576,342,597.308,134,233.496,8,8.683,4,72.456,26,44.78,46,80.897,165,287.966
District of Columbia,2009,392811,33,33.187,249,635.069,93,236.117,12,3.803,2,75.27,30,76.694,47,120.796,108,273.747
Florida,2009,12361513,739,44.363,6642,537.283,2779,224.824,182,8.769,68,56.871,535,43.318,952,77.018,3244,262.442
Georgia,2009,6022823,320,36.474,3068,509.359,1336,221.886,69,6.837,42,60.873,224,37.269,439,72.942,1596,265.06
Hawaii,2009,827725,53,54.901,412,498.318,158,190.807,10,8.722,4,68.462,49,59.664,68,82.237,180,217.446
Idaho,2009,939631,58,52.252,479,509.799,220,234.495,6,10.319,7,57.095,52,55.6,83,88.855,258,274.277
Illinois,2009,8097288,475,41.126,4634,572.305,1939,239.498,109,8.586,52,56.662,336,41.477,599,74.034,2292,283.044
Indiana,2009,4047093,245,44.075,2117,523.095,1032,254.975,33,8.991,27,56.354,164,40.45,274,67.61,1219,301.179
Iowa,2009,1908202,124,54.367,1123,588.512,478,250.402,12,11.157,13,59.671,57,29.911,105,55.257,581,304.533
Kansas,2009,1730522,110,53.515,1026,593.119,405,234.041,19,10.7,12,56.09,61,35.181,105,60.429,525,303.327
Kentucky,2009,2781361,143,40.812,1126,404.889,848,304.977,25,10.498,16,51.507,81,29.3,149,53.735,998,358.806
Louisiana,2009,2756163,154,33.993,1341,486.639,720,261.305,38,7.203,15,41.064,87,31.654,153,55.508,838,304.053
Maine,2009,903556,47,40.908,537,594.696,218,240.92,13,10.515,5,59.333,66,73.598,97,107.615,254,280.984
Maryland,2009,3653639,202,33.011,2028,555.114,711,194.688,54,8.03,22,55.942,139,38.128,224,61.172,877,240.08
Massachusetts,2009,4324616,286,51.559,2907,672.268,836,193.286,99,9.906,32,80.167,299,69.233,509,117.734,979,226.453
Michigan,2009,6398696,430,44.943,3756,586.951,1647,257.45,81,8.635,43,60.387,414,64.719,610,95.315,1905,297.669
Minnesota,2009,3372460,219,48.572,2128,630.867,742,219.955,30,9.056,20,54.237,136,40.472,240,71.131,874,259.232
Mississippi,2009,1784646,99,37.544,764,428.032,495,277.251,25,6.103,10,41.618,56,31.481,102,57.274,628,351.903
Missouri,2009,3819620,210,46.176,2043,534.991,1044,273.415,50,9.207,24,56.103,160,41.818,269,70.552,1320,345.509
Montana,2009,633252,45,66.455,387,611.882,154,243.185,8,10.31,5,75.259,43,68.431,66,103.503,197,311.869
Nebraska,2009,1106278,67,46.005,603,545.509,259,234.248,11,10.159,6,45.193,44,39.814,68,61.587,317,286.232
Nevada,2009,1680228,123,53.828,992,590.514,408,242.969,33,10.551,11,65.137,88,52.205,138,81.872,466,277.374
New Hampshire,2009,883622,53,52.443,597,675.188,204,230.898,18,10.756,6,74.198,61,68.841,95,106.988,247,279.492
New Jersey,2009,5686972,310,39.21,3370,592.669,1158,203.558,102,9.274,38,60.017,203,35.774,398,69.968,1417,249.118
New Mexico,2009,1244885,79,54.549,596,478.671,270,216.895,22,12.926,10,82.723,67,54.11,102,82.064,324,260.343
New York,2009,12648267,758,49.692,7371,582.758,2645,209.129,211,9.658,76,57.09,660,52.197,1142,90.304,3004,237.529
North Carolina,2009,5935653,317,36.244,3072,517.597,1552,261.532,90,8.334,36,53.58,294,49.574,427,71.925,1806,304.232
North Dakota,2009,397148,25,45.539,249,626.427,86,217.333,2,9.972,2,45.227,11,27.075,19,48.86,109,274.741
Ohio,2009,7442306,457,46.436,4131,555.054,1884,253.211,83,9.554,47,56.801,284,38.123,499,67.065,2281,306.511
Oklahoma,2009,2272080,147,47.6,1109,488.214,650,286.216,21,10.462,15,55.546,112,49.399,173,76.217,832,365.989
Oregon,2009,2525156,175,51.3,1642,650.317,590,233.57,34,12.38,17,74.868,205,81.05,294,116.615,705,279.155
Pennsylvania,2009,8272159,459,41.563,4798,580.06,2035,246.038,128,8.81,50,58.092,321,38.772,603,72.865,2514,303.905
Rhode Island,2009,684072,51,45.936,442,645.904,154,225.629,15,10.689,5,71.737,50,73.444,75,109.774,177,258.265
South Carolina,2009,2912325,218,38.834,1415,485.719,778,267.182,57,6.775,17,48.852,119,40.967,213,73.089,886,304.206
South Dakota,2009,505557,38,64.395,308,609.03,124,244.996,4,8.771,3,48.353,17,33.179,27,54.013,155,306.707
Tennessee,2009,4079971,225,36.975,1719,421.354,1149,281.516,40,9.075,20,42.573,126,30.926,274,67.107,1424,349.021
Texas,2009,14745138,849,45.767,7724,523.8,3248,220.264,191,11.281,104,54.812,511,34.643,875,59.318,3897,264.286
Utah,2009,1528461,70,40.029,429,280.761,239,156.347,13,10.79,12,40.253,29,18.973,57,37.015,251,163.951
Vermont,2009,419057,26,48.488,271,645.856,88,210.951,9,12.201,3,82.052,34,81.524,50,118.29,108,258.376
Virginia,2009,4976551,330,50.151,2710,544.598,1111,223.161,70,8.49,30,56.42,186,37.343,334,67.13,1335,268.203
Washington,2009,4324124,226,42.856,2650,612.832,950,219.71,67,10.548,26,62.072,289,66.933,424,98.09,1122,259.371
West Virginia,2009,1227612,62,42.456,503,409.422,397,323.419,17,9.465,7,55.586,49,40.312,92,74.691,502,408.944
Wisconsin,2009,3641561,228,45.325,2503,687.457,827,226.986,53,10.045,25,63.619,137,37.605,246,67.495,984,270.178
Wyoming,2009,342522,21,58.568,192,561.255,84,246.611,3,9.923,2,65.913,11,33.518,20,57.227,112,327.279
Alabama,2010,3052348,128,35.191,1375,450.579,815,267.157,32,6.677,16,46.016,112,36.742,183,59.822,990,324.356
Alaska,2010,424976,30,44.337,241,567.032,119,279.66,5,8.866,4,75.084,39,91.815,58,135.308,140,329.588
Arizona,2010,4014024,271,45.853,2128,530.022,960,239.249,55,10.239,30,65.199,213,53.045,368,91.641,1080,268.96
Arkansas,2010,1851278,80,37.348,777,419.623,505,272.787,16,8.564,11,50.917,61,33.198,120,65.041,610,329.539
California,2010,23321879,1432,53.704,12372,530.477,3667,157.252,292,13.138,197,71.888,1426,61.146,2345,100.568,4391,188.273
Colorado,2010,3212230,225,45.294,2063,642.311,715,222.59,46,11.871,28,91.675,255,79.501,389,121.234,868,270.081
Connecticut,2010,2350212,147,43.84,1517,645.263,495,210.483,31,9.611,16,67.089,115,49.083,201,85.625,592,251.844
Delaware,2010,583371,28,38.039,330,566.45,140,239.574,7,8.543,4,72.242,24,41.265,49,83.705,171,292.937
District of Columbia,2010,399778,41,36.024,255,638.551,94,234.353,11,3.167,2,79.708,30,75.58,54,135.323,107,266.826
Florida,2010,12708633,616,39.802,6873,540.8,2773,218.214,146,8.33,68,54.71,541,42.534,947,74.499,3306,260.112
Georgia,2010,5997840,266,38.157,2978,496.588,1229,204.842,66,6.148,44,60.986,182,30.268,360,59.982,1590,265.111
Hawaii,2010,878476,55,47.378,447,509.294,168,191.225,10,8.201,5,71.808,39,43.987,72,82.252,181,206.176
Idaho,2010,956472,57,42.285,525,548.683,221,231.427,8,8.391,7,55.538,51,53.594,85,88.564,258,269.977
Illinois,2010,8165781,465,38.49,4756,582.393,1757,215.175,114,9.02,54,56.685,381,46.688,609,74.616,2150,263.247
Indiana,2010,4081667,233,35.911,2215,542.647,1028,251.95,36,7.764,27,51.576,189,46.188,292,71.555,1202,294.528
Iowa,2010,1944254,130,40.192,1093,562.271,452,232.465,15,8.88,12,53.362,63,32.191,121,62.285,522,268.336
Kansas,2010,1761207,101,41.161,957,543.358,433,245.806,20,10.001,13,62.859,64,36.269,111,63.053,524,297.346
Kentucky,2010,2789768,111,35.037,1190,426.706,867,310.745,29,8.733,17,56.431,98,35.072,168,60.26,1035,370.934
Louisiana,2010,2810803,146,32.528,1392,495.35,780,277.534,34,6.597,17,46.886,82,29.267,152,54.163,914,325.006
Maine,2010,913496,43,35.337,538,589.033,229,250.481,11,9.414,5,63.783,52,56.412,92,101.092,256,280.117
Maryland,2010,3742499,156,32.307,2210,590.466,723,193.151,45,6.39,25,58.527,117,31.232,209,55.81,860,229.859
Massachusetts,2010,4320664,310,48.84,2900,671.269,757,175.214,61,10.236,33,82.057,290,67.141,447,103.538,914,211.597
Michigan,2010,6365041,388,39.831,3646,572.839,1667,261.933,76,9.041,44,61.711,413,64.84,611,96.056,1939,304.646
Minnesota,2010,3419350,219,42.122,2147,627.847,722,211.075,32,7.879,23,58.04,139,40.62,235,68.59,861,251.847
Mississippi,2010,1819793,81,34.949,762,418.923,492,270.424,21,6.827,11,49.852,72,39.582,121,66.528,646,355.222
Missouri,2010,3823426,170,41.381,1982,518.377,1030,269.33,41,8.873,25,60.24,143,37.31,256,67.007,1278,334.355
Montana,2010,651403,45,53.021,416,639.074,149,228.751,6,10.591,6,91.926,49,74.627,79,120.608,195,299.167
Nebraska,2010,1143103,57,35.395,633,553.976,263,230.06,11,9.84,7,48.134,40,34.582,65,56.448,313,273.61
Nevada,2010,1733566,138,51.748,985,568.467,397,229.018,22,11.094,13,70.641,100,57.693,177,102.005,471,271.704
New Hampshire,2010,883019,47,45.98,577,653.187,187,211.472,10,10.196,7,81.548,44,49.543,80,90.929,227,256.824
New Jersey,2010,5785457,323,46.126,3499,604.745,1326,229.203,83,8.816,41,66.09,262,45.202,391,67.663,1539,266.064
New Mexico,2010,1293249,75,42.561,577,446.238,266,205.461,20,13.751,11,87.359,75,57.743,122,94.087,308,237.878
New York,2010,12651349,716,41.565,7302,577.176,2676,211.514,184,8.258,77,57.246,668,52.83,1111,87.814,3053,241.336
North Carolina,2010,6102077,266,38.988,3026,495.975,1461,239.391,77,8.83,41,60.641,282,46.25,423,69.386,1753,287.354
North Dakota,2010,423460,29,36.699,260,615.071,90,213.647,3,7.4,2,49.049,10,24.749,22,52.998,107,252.749
Ohio,2010,7436917,461,38.691,4135,555.993,1971,265.043,83,8.306,48,57.705,321,43.201,582,78.222,2329,313.181
Oklahoma,2010,2336963,152,34.92,1084,463.798,699,299.085,24,9.106,15,55.016,110,46.955,173,74.024,830,355.166
Oregon,2010,2544311,179,40.071,1654,650.135,546,214.512,34,12.412,16,70.139,227,89.083,323,126.893,651,255.757
Pennsylvania,2010,8359212,508,40.648,4835,578.445,2020,241.616,104,7.979,49,56.243,346,41.377,602,71.969,2435,291.298
Rhode Island,2010,682132,54,42.05,453,664.171,161,235.607,11,9.914,5,78.503,57,83.121,89,130.204,186,272.613
South Carolina,2010,2966560,159,38.361,1532,516.437,814,274.528,40,6.71,20,59.81,117,39.525,216,72.924,955,321.914
South Dakota,2010,509409,39,53.174,294,576.703,122,239.143,4,8.017,3,52.961,16,31.634,28,54.76,152,298.623
Tennessee,2010,4110667,212,35.52,1777,432.263,1119,272.145,46,8.02,23,50.097,153,37.224,261,63.596,1450,352.717
Texas,2010,15188973,815,37.976,8078,531.865,3282,216.095,156,11.561,108,53.982,516,33.972,890,58.58,3907,257.24
Utah,2010,1532125,52,36.983,433,282.626,205,133.56,17,9.231,12,43.559,36,23.4,67,43.863,237,154.984
Vermont,2010,420783,24,43.899,266,633.154,90,214.387,5,12.769,3,93.546,37,88.665,54,129.242,108,257.52
Virginia,2010,5117877,279,42.514,2907,568.078,1011,197.533,52,7.891,32,59.103,185,36.072,321,62.771,1288,251.694
Washington,2010,4373484,259,44.484,2660,608.117,958,219.046,55,10.116,30,70.543,311,71.218,486,111.108,1146,262.008
West Virginia,2010,1252067,54,36.06,499,398.818,386,307.972,14,10.672,7,62.838,47,37.357,87,69.824,486,387.944
Wisconsin,2010,3678180,229,37.208,2491,677.281,789,214.406,37,8.804,22,50.872,154,41.768,243,65.976,951,258.524
Wyoming,2010,358902,22,40.973,191,532.419,85,236.807,3,8.336,2,57.743,12,33.573,23,63.022,108,300.288
Alabama,2011,3073532,125,32.715,1400,455.585,804,261.683,31,6.692,18,49.418,104,33.842,193,62.948,1010,328.727
Alaska,2011,432040,33,38.07,256,592.789,112,258.816,5,8.824,3,66.957,48,111.808,69,160.729,137,317.151
Arizona,2011,4077362,249,38.128,2232,547.481,913,223.93,62,9.982,28,64.543,217,53.283,343,84.097,1076,263.86
Arkansas,2011,1864363,82,31.712,786,421.398,482,258.686,20,7.373,11,51.741,67,36.05,119,63.694,601,322.513
California,2011,23658234,1401,42.105,12529,529.578,3741,158.142,305,10.839,183,68.288,1595,67.418,2387,100.879,4479,189.302
Colorado,2011,3270160,225,38.081,2067,632.196,743,227.056,49,10.894,24,74.917,250,76.328,397,121.45,922,281.899
Connecticut,2011,2363818,160,39.093,1561,660.55,473,200.109,31,8.483,16,66.258,142,60.139,221,93.617,583,246.445
Delaware,2011,590737,34,33.217,326,551.397,139,234.712,9,7.44,4,73.237,29,49.5,56,95.536,166,280.558
District of Columbia,2011,411604,45,31.812,268,650.756,86,210.042,11,3.355,2,83.679,30,72.386,60,146.424,102,248.558
Florida,2011,12916437,655,30.753,7100,549.654,2758,213.492,165,6.551,69,56.374,611,47.279,1006,77.895,3213,248.745
Georgia,2011,6074730,270,29.783,3068,505.041,1279,210.578,84,6.383,42,56.296,236,38.805,391,64.373,1640,270.025
Hawaii,2011,887821,53,43.7,480,541.175,157,176.777,12,7.43,5,71.013,51,56.945,90,101.418,173,195.023
Idaho,2011,969335,56,35.739,529,545.624,213,220.149,9,6.92,7,53.987,36,37.652,63,65.433,258,266.009
Illinois,2011,8215103,516,35.035,4877,593.661,1832,222.963,125,7.413,53,56.975,394,47.91,631,76.87,2169,264.063
Indiana,2011,4108332,236,35.822,2240,545.268,1126,274.109,38,7.619,27,54.914,177,43.144,302,73.561,1382,336.5
Iowa,2011,1956812,123,34.127,1169,597.408,429,219.064,16,6.384,13,55.788,81,41.307,131,67.163,506,258.821
Kansas,2011,1772671,93,35.806,962,542.482,424,239.218,18,7.413,12,50.761,45,25.518,91,51.248,524,295.814
Kentucky,2011,2803041,126,33.091,1308,466.662,921,328.476,31,7.773,17,54.288,102,36.452,179,63.977,1086,387.61
Louisiana,2011,2841017,162,31.811,1493,525.687,810,284.954,40,6.317,15,43.358,86,30.154,198,69.683,977,343.869
Maine,2011,918180,50,33.204,525,571.782,228,247.777,12,7.856,5,67.226,58,62.943,101,110.285,259,281.754
Maryland,2011,3789736,198,32.002,2356,621.615,715,188.736,41,5.697,25,60.969,139,36.595,239,63.067,878,231.708
Massachusetts,2011,4368462,300,40.584,2969,679.585,791,181.043,57,9.327,31,76.635,277,63.379,468,107.184,1024,234.317
Michigan,2011,6392662,398,37.845,3670,574.166,1680,262.873,67,7.859,45,64.592,423,66.092,652,101.97,1981,309.914
Minnesota,2011,3457060,218,37.852,2185,631.91,729,210.962,36,6.263,22,56.205,150,43.253,276,79.931,899,260.071
Mississippi,2011,1830270,80,31.438,780,426.202,555,302.993,23,7.122,11,47.09,71,38.803,113,61.991,670,366.022
Missouri,2011,3846810,202,35.962,2075,539.419,994,258.372,37,7.064,25,59.242,147,38.303,261,67.928,1232,320.163
Montana,2011,657558,45,48.862,419,637.901,154,234.709,6,11.141,5,83.974,52,79.432,80,121.016,195,296.814
Nebraska,2011,1153600,69,38.852,661,573.33,255,220.986,12,7.936,7,52.071,43,37.4,68,58.689,301,261.303
Nevada,2011,1757473,141,40.466,996,566.595,415,235.868,17,9.16,13,70.525,113,64.351,199,113.007,478,272.032
New Hampshire,2011,888797,49,40.906,594,668.155,172,193.716,11,8.445,7,78.7,48,54.067,88,98.828,225,252.592
New Jersey,2011,5826415,331,39.519,3499,600.476,1144,196.42,86,7.323,39,59.936,231,39.585,380,65.202,1345,230.764
New Mexico,2011,1303353,82,45.102,649,498.204,283,217.498,20,12.706,11,89.347,90,69.354,138,105.944,327,250.664
New York,2011,12760358,735,36.089,7438,582.908,2601,203.798,211,7.465,74,56.847,763,59.805,1239,97.117,3060,239.825
North Carolina,2011,6176978,245,31.914,3071,497.205,1481,239.796,75,8.432,39,55.55,262,42.425,405,65.57,1755,284.125
North Dakota,2011,430829,30,37.233,266,618.183,105,242.923,4,6.941,2,45.192,13,30.719,25,57.336,123,286.17
Ohio,2011,7466946,453,32.92,4143,554.779,2076,278.052,95,5.956,52,63.093,402,53.882,697,93.329,2424,324.642
Oklahoma,2011,2358834,178,35.084,1156,490.071,739,313.387,23,7.108,15,56.329,107,45.468,176,74.72,848,359.398
Oregon,2011,2575672,171,34.791,1646,638.882,549,212.983,33,10.511,15,65.338,264,102.506,368,143.027,677,262.887
Pennsylvania,2011,8405726,468,39.322,4944,588.176,2029,241.373,123,6.109,46,54.267,353,41.975,624,74.291,2515,299.195
Rhode Island,2011,684237,51,38.733,457,668.024,144,210.476,14,7.986,5,86.093,67,97.447,98,142.628,190,276.988
South Carolina,2011,3005444,154,35.926,1596,530.894,861,286.468,45,6.22,20,63.509,155,51.518,240,79.734,1019,338.998
South Dakota,2011,516437,40,43.136,314,607.92,130,252.386,4,6.622,3,50.978,22,42.843,36,70.588,162,312.912
Tennessee,2011,4150263,209,32.816,1699,409.303,1171,282.25,46,7.634,25,52.341,158,38.117,250,60.251,1398,336.828
Texas,2011,15484139,852,35.108,8040,519.248,3181,205.446,139,11.205,108,52.623,511,32.984,930,60.075,3826,247.106
Utah,2011,1563689,59,27.04,509,325.211,253,161.766,20,7.427,11,36.75,47,30.353,74,47.495,308,197.049
Vermont,2011,422511,22,41.699,257,608.946,89,211.231,6,10.055,3,94.341,39,93.389,60,143.19,113,267.32
Virginia,2011,5187508,260,30.946,3052,588.362,1018,196.293,50,6.352,33,63.886,178,34.406,336,64.813,1295,249.554
Washington,2011,4437371,296,40.988,2647,596.533,882,198.771,51,7.846,29,66.267,360,81.069,524,118.167,1065,239.975
West Virginia,2011,1253581,58,35.407,467,372.734,375,299.294,14,10.074,8,67.487,41,32.92,84,67.19,469,374.045
Wisconsin,2011,3706797,234,34.873,2418,652.279,799,215.416,36,6.471,22,51.987,172,46.534,258,69.47,1003,270.465
Wyoming,2011,364101,23,43.706,205,563.214,91,249.705,3,7.951,2,54.178,16,43.608,28,77.334,116,318.652
Alabama,2012,3094837,170,34.81,1435,463.78,840,271.374,32,4.637,18,47.793,105,34.086,213,68.966,1006,324.993
Alaska,2012,434523,29,26.819,253,582.109,100,229.147,5,6.545,3,60.099,46,106.027,75,172.408,133,306.958
Arizona,2012,4141839,272,34.657,2277,549.72,827,199.562,70,11.34,28,65.335,248,59.773,392,94.746,985,237.877
Arkansas,2012,1873816,91,27.498,805,429.584,525,280.243,21,5.45,12,58.017,79,42.338,128,68.228,649,346.278
California,2012,24005740,1559,30.527,12683,528.317,3861,160.83,361,7.861,164,60.075,1614,67.234,2421,100.833,4538,189.039
Colorado,2012,3332461,219,34.053,2183,655.201,695,208.697,66,8.844,24,79.202,338,101.28,499,149.797,913,274.089
Connecticut,2012,2375197,152,29.034,1555,654.582,422,177.806,35,6.035,18,73.655,156,65.497,231,97.237,513,216.125
Delaware,2012,599773,36,30.112,353,587.76,139,232.21,8,4.842,4,73.877,34,56.755,57,95.135,171,284.634
District of Columbia,2012,424447,48,25.481,284,668.362,98,230.896,13,3.289,2,90.718,39,91.442,69,161.82,116,272.761
Florida,2012,13133353,734,27.777,7211,549.081,2708,206.218,189,6.917,75,61.447,673,51.206,1063,80.964,3141,239.158
Georgia,2012,6155586,305,23.393,3135,509.231,1370,222.526,106,5.397,41,54.97,365,59.287,518,84.099,1695,275.291
Hawaii,2012,896059,60,35.164,477,532.305,152,169.615,11,6.588,5,65.953,62,69.064,93,103.517,177,197.791
Idaho,2012,983206,59,35.866,523,532.24,214,217.26,8,4.911,7,55.64,40,40.277,66,67.425,251,255.795
Illinois,2012,8256950,472,25.646,4915,595.224,1902,230.377,124,4.648,51,54.938,398,48.237,677,81.989,2176,263.505
Indiana,2012,4135390,252,34.717,2268,548.421,1085,262.486,42,5.712,26,52.653,177,42.82,300,72.626,1361,329.179
Iowa,2012,1968010,103,31.191,1204,611.803,451,228.972,20,5.878,12,50.792,81,41.184,133,67.802,529,269.018
Kansas,2012,1779494,114,32.785,1035,581.471,421,236.329,19,5.802,10,43.006,52,28.96,90,50.753,504,283.331
Kentucky,2012,2815636,144,30.835,1312,465.91,877,311.474,35,5.896,15,45.77,99,35.31,175,62.144,1009,358.468
Louisiana,2012,2870080,155,31.172,1485,517.474,753,262.234,46,5.987,17,50.283,96,33.328,219,76.333,927,323.128
Maine,2012,923093,50,32.386,532,576.761,215,233.243,10,5.762,5,62.973,73,79.523,121,131.15,247,267.524
Maryland,2012,3837914,224,27.678,2405,626.745,699,182.051,46,5.182,27,68.337,181,47.287,282,73.574,835,217.558
Massachusetts,2012,4420226,272,32.773,3066,693.528,804,181.97,79,7.42,27,65.645,313,70.714,487,110.193,998,225.705
Michigan,2012,6419614,396,30.725,3739,582.44,1670,260.18,57,3.45,48,69.843,490,76.361,755,117.574,1932,300.977
Minnesota,2012,3494114,204,31.388,2222,635.876,732,209.354,38,4.972,19,47.712,153,43.747,302,86.413,916,262.295
Mississippi,2012,1839846,96,27.905,816,443.289,590,320.565,24,5.133,11,44.575,60,32.562,102,55.168,700,380.651
Missouri,2012,3869695,227,35.464,2127,549.773,1117,288.732,33,4.219,26,62.27,189,48.83,307,79.257,1325,342.392
Montana,2012,663344,47,48.061,423,637.903,162,244.045,7,7.783,4,61.232,56,84.38,84,126.487,203,306.306
Nebraska,2012,1162770,79,38.713,707,608.083,260,223.846,11,5.244,8,55.352,43,36.798,75,64.577,303,260.168
Nevada,2012,1788826,129,31.144,1058,591.534,447,249.717,21,6.408,11,60.721,112,62.526,200,111.897,501,280.334
New Hampshire,2012,894572,55,46.174,623,696.263,173,193.871,12,8.204,6,78.344,62,69.851,95,105.879,222,247.821
New Jersey,2012,5868068,347,28.458,3520,599.817,990,168.643,76,6.505,36,54.411,214,36.403,400,68.113,1181,201.178
New Mexico,2012,1308966,87,39.155,709,542.014,296,226.331,23,9.548,10,80.141,95,72.261,153,117.154,354,270.752
New York,2012,12875810,754,32.268,7704,598.324,2577,200.161,212,6.087,74,58.223,798,61.955,1367,106.14,3092,240.117
North Carolina,2012,6254266,319,29.701,3245,518.807,1475,235.883,82,6.765,37,52.029,273,43.587,480,76.787,1719,274.879
North Dakota,2012,439830,30,45.672,272,617.892,109,247.863,5,6.469,2,39.464,14,32.568,27,60.627,130,296.145
Ohio,2012,7496795,426,29.761,4312,575.162,2054,274.017,100,4.722,48,58.139,434,57.913,729,97.238,2411,321.667
Oklahoma,2012,2381640,159,31.492,1210,507.893,729,306.257,21,4.339,14,48.571,96,40.263,163,68.466,864,362.664
Oregon,2012,2606713,165,33.587,1624,623.19,561,215.044,33,7.885,16,69.04,270,103.717,432,165.884,717,275
Pennsylvania,2012,8449649,462,33.907,5054,598.146,2024,239.553,122,4.467,48,57.396,366,43.371,640,75.729,2499,295.725
Rhode Island,2012,687705,50,31.902,430,624.819,140,203.005,12,5.445,5,81.679,77,111.836,106,154.116,185,268.699
South Carolina,2012,3047485,163,30.091,1591,522.201,811,266.198,42,4.918,21,66.522,147,48.134,245,80.442,944,309.914
South Dakota,2012,523437,36,36.067,320,610.704,138,263.858,5,5.007,3,41.988,19,36.713,36,69.711,162,309.468
Tennessee,2012,4187386,204,31.027,1697,405.158,1093,260.96,48,6.11,24,51.754,158,37.693,290,69.366,1344,320.966
Texas,2012,15777963,945,30.839,7912,501.435,3196,202.591,162,7.445,102,47.877,572,36.235,972,61.587,3854,244.275
Utah,2012,1593468,71,26.683,552,346.517,291,182.429,20,5.29,10,35.328,59,36.834,93,58.462,345,216.224
Vermont,2012,423650,23,43.923,261,616.831,87,204.732,6,8.245,3,81.191,38,88.818,60,142.682,110,258.623
Virginia,2012,5256298,337,32.205,3088,587.559,1209,229.955,67,4.994,30,56.825,236,44.867,460,87.593,1469,279.497
Washington,2012,4498893,310,34.691,2584,574.351,882,196.026,55,6.84,29,65.384,468,103.922,643,143.014,1081,240.176
West Virginia,2012,1253753,67,35.64,487,388.326,396,315.821,14,5.364,7,54.456,45,35.653,94,75.224,485,386.64
Wisconsin,2012,3732300,254,38.74,2461,659.356,840,225.096,44,4.854,25,61.649,165,44.241,284,76.175,1063,284.744
Wyoming,2012,369343,26,49.149,216,583.802,93,251.721,3,6.173,2,54.907,16,43.735,27,72.181,120,325.567
Alabama,2013,3116298,164,28.38,1488,477.377,839,269.293,31,4.213,17,44.59,126,40.28,221,71.006,1011,324.319
Alaska,2013,435577,27,21.159,257,590.511,95,218.761,5,5.099,3,69.865,45,104.227,73,167.019,129,295.898
Arizona,2013,4218271,304,33.703,2357,558.651,800,189.589,72,10.116,29,65.845,291,69.037,439,104.009,940,222.762
Arkansas,2013,1883371,89,26.311,836,444.04,570,302.537,14,4.105,12,57.799,97,51.487,162,86.24,703,373.089
California,2013,24421137,1460,27.535,13257,542.839,3696,151.351,382,8.933,165,61.609,1733,70.944,2664,109.081,4493,183.998
Colorado,2013,3398728,234,33.547,2251,662.429,655,192.704,67,8.88,28,91.278,423,124.476,571,168.038,856,251.896
Connecticut,2013,2382534,144,27.116,1541,646.806,391,163.958,39,6.14,19,70.991,151,63.385,234,98.268,490,205.616
Delaware,2013,610148,32,25.313,370,605.807,146,238.823,9,4.938,4,64.377,37,60.866,60,97.727,175,287.552
District of Columbia,2013,435643,40,25.131,309,708.7,100,228.994,14,3.927,2,91.113,44,101.379,77,176.858,119,273.214
Florida,2013,13387121,755,27.882,7592,567.141,2869,214.344,211,7.315,73,59.496,764,57.034,1128,84.233,3318,247.847
Georgia,2013,6240700,355,23.309,3295,528.01,1352,216.598,81,4.709,38,49.531,390,62.424,561,89.875,1647,263.904
Hawaii,2013,904925,57,24.875,472,521.956,154,169.672,11,4.903,5,65.123,60,66.779,92,101.293,185,204.771
Idaho,2013,999689,61,34.473,518,518.022,212,212.136,7,4.356,8,61.451,50,49.623,85,85.505,252,252.486
Illinois,2013,8297420,454,22.51,4988,601.159,1866,224.885,116,5.378,45,48.776,476,57.353,746,89.865,2136,257.403
Indiana,2013,4164196,250,30.367,2263,543.389,1059,254.198,35,4.584,26,55.258,224,53.848,369,88.538,1252,300.546
Iowa,2013,1979684,105,26.205,1178,595.168,454,229.452,18,4.953,11,42.376,67,34.038,124,62.507,542,273.813
Kansas,2013,1786820,122,28.744,1038,580.722,408,228.511,18,6.449,11,50.011,86,48.065,138,77.423,489,273.717
Kentucky,2013,2832115,138,24.231,1258,444.239,846,298.867,35,5.635,14,41.846,144,50.948,231,81.495,990,349.703
Louisiana,2013,2899670,166,26.182,1524,525.741,735,253.425,44,4.807,18,49.919,128,44.164,239,82.358,876,302.014
Maine,2013,928319,46,27.444,583,628.188,209,224.691,10,5.087,5,69.447,100,107.687,155,166.771,241,259.2
Maryland,2013,3882314,243,26.81,2427,625.113,724,186.505,42,4.003,25,65.736,241,62.006,372,95.836,853,219.726
Massachusetts,2013,4469726,255,30.192,2952,660.481,763,170.801,82,6.526,27,65.174,406,90.849,579,129.451,931,208.309
Michigan,2013,6446918,349,24.436,3763,583.725,1627,252.306,49,3.305,46,65.532,528,81.957,793,122.941,1881,291.752
Minnesota,2013,3529926,198,23.752,2245,635.989,737,208.653,33,4.621,18,46.758,188,53.239,315,89.326,937,265.397
Mississippi,2013,1849489,101,22.653,822,444.567,529,286.093,17,3.273,11,46.135,73,39.471,117,63.349,647,349.821
Missouri,2013,3894492,222,26.827,2108,541.287,1117,286.896,33,3.986,23,55.521,228,58.521,362,92.827,1311,336.708
Montana,2013,669411,45,34.965,418,625.107,146,218.666,6,4.888,3,52.378,57,84.862,77,115.058,191,284.801
Nebraska,2013,1171452,78,27.906,724,618.161,276,235.255,10,4.517,6,42.384,46,39.656,80,68.584,327,279.426
Nevada,2013,1826942,116,30.981,1079,590.467,439,240.24,24,6.864,11,61.45,112,61.266,182,99.801,502,274.91
New Hampshire,2013,900190,59,36.354,620,688.244,170,188.559,15,8.391,6,76.946,79,87.847,113,125.47,210,232.786
New Jersey,2013,5907201,357,32.783,3630,614.544,1073,181.562,60,4.713,35,54.847,280,47.389,485,82.164,1283,217.23
New Mexico,2013,1314755,84,26.393,686,521.82,289,219.808,22,8.385,9,69.41,106,80.595,168,127.834,346,263.051
New York,2013,12988411,795,27.422,7799,600.447,2642,203.409,250,7.108,72,56.629,870,67.018,1443,111.132,3118,240.036
North Carolina,2013,6339066,352,25.303,3179,501.484,1408,222.096,71,5.141,37,54.693,326,51.478,580,91.537,1653,260.805
North Dakota,2013,448656,30,35.376,277,616.711,109,242.323,4,4.665,2,42.422,18,39.482,29,65.526,130,290.325
Ohio,2013,7534236,460,27.407,4348,577.131,2041,270.885,83,4.47,41,51.011,395,52.402,635,84.331,2408,319.624
Oklahoma,2013,2404755,146,21.205,1250,519.629,686,285.387,16,3.735,16,53.723,111,46.093,181,75.42,835,347.121
Oregon,2013,2641759,167,33.572,1615,611.222,525,198.699,39,8.533,17,73.382,282,106.773,439,166.029,680,257.568
Pennsylvania,2013,8494600,499,26.593,5168,608.353,1923,226.375,103,4.842,45,53.194,454,53.446,704,82.85,2313,272.32
Rhode Island,2013,692945,46,28.612,425,612.822,141,202.929,10,5.685,4,60.241,69,99.232,100,143.958,166,239.785
South Carolina,2013,3096686,170,25.649,1572,507.746,770,248.602,29,3.829,20,61.668,151,48.804,265,85.663,914,295.288
South Dakota,2013,529318,36,30.058,314,592.965,123,231.852,4,3.861,3,42.196,17,33.043,33,61.674,149,281.859
Tennessee,2013,4226870,200,24.885,1916,453.389,978,231.354,35,4.17,20,43.526,170,40.115,322,76.213,1254,296.774
Texas,2013,16119667,981,28.214,8202,508.848,3383,209.843,159,5.831,103,47.859,679,42.115,1032,63.993,3931,243.855
Utah,2013,1623929,75,24.736,572,352.073,264,162.546,12,3.595,11,34.523,69,42.453,111,68.524,301,185.156
Vermont,2013,424696,26,36.453,273,643.459,88,207.535,6,7.838,2,72.004,44,104.153,66,155.699,106,249.656
Virginia,2013,5318077,331,27.734,2981,560.488,1240,233.075,71,5.125,27,48.924,272,51.189,523,98.343,1499,281.818
Washington,2013,4566571,273,29.198,2643,578.739,923,202.113,67,7.262,29,67.047,512,112.147,741,162.292,1113,243.666
West Virginia,2013,1252711,72,34.493,493,393.651,393,313.918,11,4.481,6,47.456,60,47.508,104,82.669,472,377.092
Wisconsin,2013,3753413,256,38.605,2530,674.105,849,226.301,56,7.527,24,60.611,171,45.454,309,82.247,1051,280.128
Wyoming,2013,371861,25,35.055,221,593.744,93,249.372,3,5.791,2,52.837,17,46.659,29,76.733,118,317.921
Alabama,2014,3138127,129,21.734,1470,468.289,781,248.888,31,4.102,16,43.638,121,38.612,214,68.116,979,312.065
Alaska,2014,438664,31,25.524,261,594.498,110,250.907,7,6.543,3,75.236,56,128.295,82,187.637,142,322.989
Arizona,2014,4307838,265,29.036,2390,554.693,866,201.008,72,8.493,29,60.925,294,68.149,430,99.715,995,230.886
Arkansas,2014,1895228,82,27.608,838,442.007,563,297.277,16,4.815,11,53.731,107,56.246,169,89.285,679,358.269
California,2014,24866806,1510,27.289,13820,555.763,3730,150.002,407,9.431,153,58.903,1964,78.961,3046,122.502,4526,182.006
Colorado,2014,3473655,248,32.014,2202,633.877,688,198.032,69,9.786,27,81.624,509,146.488,691,199.061,873,251.236
Connecticut,2014,2387658,153,27.417,1546,647.578,407,170.269,43,6.675,16,66.127,173,72.538,272,114.098,513,214.745
Delaware,2014,621612,32,24.25,356,572.91,143,229.538,11,5.59,3,52.925,37,60.147,57,91.742,166,267.631
District of Columbia,2014,444939,34,24.443,320,718.599,90,202.1,13,3.447,2,82.632,41,91.383,88,197.105,111,248.835
Florida,2014,13702886,767,26.868,8051,587.573,2707,197.547,199,6.475,69,55.685,823,60.076,1311,95.681,3206,233.955
Georgia,2014,6338910,319,21.835,3369,531.472,1363,214.963,95,5.136,39,51.748,381,60.049,625,98.671,1716,270.651
Hawaii,2014,916539,45,24.752,450,490.448,154,167.918,14,7.631,5,63.111,63,68.807,95,103.749,177,193.068
Idaho,2014,1017451,56,29.849,498,489.26,188,184.472,7,5.694,7,55.017,51,50.611,88,86.811,229,225.001
Illinois,2014,8326464,457,24.232,4884,586.601,1751,210.236,121,6.023,42,45.919,510,61.264,777,93.321,2034,244.282
Indiana,2014,4189743,218,26.476,2263,540.129,1121,267.486,36,5.117,27,59.716,280,66.723,436,104.044,1322,315.539
Iowa,2014,1990458,112,25.715,1189,597.286,434,217.931,13,4.72,11,43.103,66,33.021,114,57.302,543,273.023
Kansas,2014,1795749,95,25.063,1021,568.77,355,197.476,15,6.119,12,50.098,105,58.489,167,92.722,451,251.411
Kentucky,2014,2847963,150,23.601,1293,453.896,851,298.889,34,5.622,15,46.209,158,55.411,274,96.244,1015,356.562
Louisiana,2014,2928109,188,24.332,1569,535.71,813,277.791,46,4.41,16,44.601,138,47.08,249,85.047,949,324.139
Maine,2014,932783,44,25.229,601,643.87,195,209.514,12,6.546,6,74.493,110,118.448,158,169.095,226,241.81
Maryland,2014,3923318,247,25.581,2474,630.706,775,197.601,50,4.597,22,61.218,284,72.389,447,114.055,950,242.121
Massachusetts,2014,4519295,274,29.849,2752,608.854,741,164.041,81,7.06,27,68.2,416,92.07,648,143.291,921,203.84
Michigan,2014,6479469,325,26.3,3756,579.609,1508,232.735,61,4.437,40,57.885,528,81.415,783,120.813,1798,277.427
Minnesota,2014,3562031,203,22.03,2288,642.262,716,200.915,39,5.675,18,43.883,209,58.807,327,91.685,921,258.576
Mississippi,2014,1859652,90,21.704,785,422.215,500,268.825,17,3.566,11,44.066,71,38.126,115,61.947,624,335.574
Missouri,2014,3918803,217,22.843,2127,542.651,999,254.947,39,4.884,23,56.199,246,62.782,407,103.923,1220,311.356
Montana,2014,676207,42,26.006,423,626.241,133,196.132,7,6.226,4,61.936,64,94.053,84,124.908,183,271.357
Nebraska,2014,1179809,74,23.255,739,626.79,272,230.442,12,5.561,6,35.086,53,45.256,86,72.765,330,279.699
Nevada,2014,1872598,108,30.158,1065,568.478,417,222.872,21,7.157,12,62.76,120,64.278,191,101.882,480,256.535
New Hampshire,2014,905672,60,26.819,618,682.687,177,194.945,19,8.257,5,68.231,87,96.547,123,135.746,221,244.178
New Jersey,2014,5945550,306,32.424,3605,606.341,1012,170.221,84,6.035,32,49.856,311,52.285,515,86.6,1249,210.029
New Mexico,2014,1322519,85,25.933,665,502.515,274,206.805,18,8.197,9,67.111,113,85.479,157,118.682,324,244.64
New York,2014,13092078,779,25.103,7594,580.051,2653,202.646,274,7.31,69,54.306,987,75.425,1530,116.849,3142,240.011
North Carolina,2014,6428523,306,20.77,3134,487.479,1404,218.471,90,5.329,38,53.514,354,55.115,554,86.127,1701,264.565
North Dakota,2014,457339,28,29.569,281,615.086,111,241.709,3,5.628,2,49.115,18,39.329,27,58.98,137,299.801
Ohio,2014,7573265,463,24.481,4262,562.808,1986,262.237,84,5.029,40,49.008,448,59.12,681,89.973,2342,309.258
Oklahoma,2014,2427465,142,21.077,1179,485.755,643,264.783,18,5.025,17,56.206,117,48.177,202,83.192,802,330.55
Oregon,2014,2686806,174,30.508,1701,633.147,483,179.875,42,7.994,16,68.461,295,109.932,443,164.738,602,224.112
Pennsylvania,2014,8539968,494,25.3,5152,603.244,1885,220.681,106,5.404,39,47.398,514,60.152,786,92.071,2296,268.878
Rhode Island,2014,698360,43,28.562,442,632.536,135,192.715,12,7.377,4,67.135,73,103.884,101,144.373,163,232.852
South Carolina,2014,3154439,176,25.645,1528,484.445,752,238.339,41,4.977,19,58.249,194,61.56,298,94.343,914,289.771
South Dakota,2014,534674,36,26.273,333,622.973,119,222.307,4,4.867,3,44.494,28,52.202,41,77.575,150,279.993
Tennessee,2014,4272566,206,21.778,1981,463.712,1007,235.679,51,5.444,22,44.608,205,48.059,360,84.142,1252,293.13
Texas,2014,16501892,907,29.765,8587,520.341,3298,199.852,166,6.964,105,48.689,713,43.228,1166,70.655,3982,241.336
Utah,2014,1657347,68,22.606,581,350.404,239,144.267,9,3.992,10,30.535,62,37.525,104,62.475,273,164.898
Vermont,2014,425449,25,27.548,271,638.03,92,215.787,7,8.112,2,69.692,49,116.134,68,159.964,114,267.833
Virginia,2014,5378367,281,21.867,2961,550.582,1111,206.531,51,4.602,29,50.293,263,48.985,455,84.643,1381,256.82
Washington,2014,4652511,236,27.41,2903,623.892,839,180.43,65,6.729,27,59.575,453,97.421,693,148.986,1045,224.63
West Virginia,2014,1251012,61,28.689,529,422.864,380,304.13,13,5.857,7,56.568,65,52.184,101,80.892,475,379.313
Wisconsin,2014,3771577,250,30.631,2459,651.895,789,209.293,43,7.21,24,60.463,190,50.47,320,84.732,967,256.406
Wyoming,2014,373558,21,29.353,217,581.484,93,249.972,3,5.567,2,53.323,18,47.079,29,77.688,118,315.272
Alabama,2015,3159474,115,16.727,1361,430.638,758,239.802,32,3.3,15,41.864,119,37.664,212,67.185,951,300.868
Alaska,2015,444143,30,25.925,254,572.372,107,241.928,7,8.938,3,77.936,65,146.51,89,200.905,137,307.797
Arizona,2015,4399565,206,22.834,2454,557.833,830,188.694,67,7.884,25,51.166,252,57.384,417,94.769,981,222.896
Arkansas,2015,1908182,86,21.433,810,424.526,530,277.883,19,4.664,10,45.629,110,57.429,166,86.794,639,334.988
California,2015,25184187,1549,23.255,13570,538.836,3736,148.353,452,7.547,150,56.758,2190,86.964,3399,134.972,4405,174.895
Colorado,2015,3551363,213,26.029,2205,620.977,599,168.588,57,10.116,26,77.364,497,140.049,705,198.492,751,211.56
Connecticut,2015,2387609,155,28.165,1512,633.45,432,180.964,39,6.216,14,57.823,159,66.623,252,105.713,533,223.346
Delaware,2015,632438,37,20.792,354,559.575,127,200.656,9,4.112,4,58.802,43,68.347,61,95.707,148,233.744
District of Columbia,2015,453192,36,18.849,325,716.415,85,187.865,14,1.838,2,68.541,48,106.997,91,199.906,102,224.573
Florida,2015,14028654,753,22.035,8038,572.993,2450,174.62,171,4.496,70,56.223,842,59.998,1432,102.102,3000,213.868
Georgia,2015,6443651,265,17.309,3201,496.733,1347,209.069,106,3.639,36,46.244,351,54.469,617,95.718,1682,261.012
Hawaii,2015,926174,42,23.464,430,464.351,138,149.166,15,8.393,5,65.601,63,68.144,100,108.189,173,187.164
Idaho,2015,1038291,53,25.557,510,491.273,184,177.134,9,8.265,6,42.04,60,57.859,97,92.977,223,214.997
Illinois,2015,8331898,428,22.504,4794,575.339,1606,192.764,113,5.348,45,50.446,492,59.097,753,90.33,1945,233.473
Indiana,2015,4212004,198,20.729,2282,541.819,1013,240.594,40,5.27,26,55.497,296,70.296,435,103.205,1259,298.909
Iowa,2015,1999854,118,24.601,1237,618.6,443,221.393,16,5.844,11,44.494,82,40.897,133,66.469,570,284.8
Kansas,2015,1803253,76,23.615,1097,608.295,359,199.03,15,6.334,11,47.361,98,54.148,147,81.496,464,257.148
Kentucky,2015,2865061,143,20.786,1234,430.555,849,296.273,35,5.869,16,50.378,163,56.878,290,101.128,1023,357.08
Louisiana,2015,2954805,189,26.013,1608,544.25,818,276.7,41,2.904,16,46.759,152,51.457,250,84.486,961,325.173
Maine,2015,936729,49,24.187,565,603.456,189,201.52,12,8.64,5,62.933,122,129.992,161,171.865,227,242.552
Maryland,2015,3951408,219,19.86,2378,601.778,729,184.424,56,3.62,23,59.266,309,78.284,457,115.569,884,223.792
Massachusetts,2015,4556470,324,25.634,2847,624.845,772,169.468,88,7.308,26,64.887,431,94.517,672,147.513,925,202.986
Michigan,2015,6511669,345,23.609,3731,572.954,1522,233.721,76,4.431,39,57.411,579,88.931,821,126.12,1820,279.572
Minnesota,2015,3589691,184,21.551,2313,644.248,690,192.119,47,6.985,21,54.05,211,58.819,354,98.552,865,241.1
Mississippi,2015,1870263,80,16.763,730,390.266,484,258.764,22,2.505,10,44.493,79,42.272,130,69.487,615,328.817
Missouri,2015,3941380,207,22.096,2170,550.673,936,237.37,38,4.776,22,51.229,262,66.485,398,100.901,1200,304.581
Montana,2015,684598,45,29.054,423,618.213,146,213.612,9,10.808,4,70.199,72,104.83,105,153.61,200,292.173
Nebraska,2015,1187602,64,24.311,768,647.048,267,225.153,11,6.189,7,43.209,66,55.786,95,80.047,329,276.89
Nevada,2015,1916967,92,25.913,1056,550.841,406,211.724,29,6.602,12,68.258,129,67.065,202,105.142,476,248.1
New Hampshire,2015,911511,50,22.845,621,681.661,176,193.482,15,11.279,5,59.171,91,99.299,130,143.034,222,243.065
New Jersey,2015,5965066,249,21.928,3424,574.044,950,159.324,82,5.526,30,44.956,288,48.28,517,86.627,1152,193.072
New Mexico,2015,1329649,90,27.613,695,522.953,279,210.066,19,9.561,9,69.925,114,85.516,173,130.414,345,259.329
New York,2015,13150285,741,22.125,7626,579.902,2498,189.993,265,4.522,72,55.818,1006,76.521,1503,114.325,3005,228.478
North Carolina,2015,6532379,281,16.193,3091,473.2,1455,222.692,94,3.913,37,51.035,391,59.788,589,90.196,1752,268.208
North Dakota,2015,463569,29,28.204,294,634.339,105,226.242,3,8.063,2,46.11,18,37.978,29,63.366,136,293.297
Ohio,2015,7605364,430,21.642,4240,557.509,1893,248.93,98,4.816,41,51.442,559,73.541,832,109.455,2343,308.077
Oklahoma,2015,2448662,126,20.934,1102,449.87,647,264.366,25,5.335,14,45.925,115,46.841,208,84.909,813,331.881
Oregon,2015,2739602,186,27.882,1734,632.846,501,182.877,50,10.015,15,64.563,385,140.706,548,200.101,623,227.333
Pennsylvania,2015,8572327,428,21.155,5119,597.18,1915,223.376,127,5.622,39,45.645,562,65.54,877,102.352,2378,277.441
Rhode Island,2015,702577,45,23.184,457,650.527,139,197.927,13,8.432,4,72.336,89,126.54,117,166.647,171,243.387
South Carolina,2015,3219369,172,21.068,1538,477.77,753,234.009,41,3.438,16,48.086,155,48.067,255,79.159,920,285.679
South Dakota,2015,539708,37,28.739,344,637.556,130,241.362,5,7.477,3,47.524,33,60.644,50,92.917,161,298.046
Tennessee,2015,4323137,198,18.467,1982,458.38,1140,263.635,58,4.862,24,49.567,273,63.169,442,102.263,1389,321.344
Texas,2015,16842117,783,23.792,8687,515.772,3347,198.71,157,5.732,99,45.24,729,43.26,1229,72.969,4162,247.093
Utah,2015,1695021,62,18.703,549,323.686,239,140.928,14,8.138,11,34.724,65,38.593,116,68.698,275,162.178
Vermont,2015,425544,24,25.957,270,633.893,92,216.185,8,11.428,2,65.291,60,140.002,76,178.091,116,271.591
Virginia,2015,5430166,286,20.815,3002,552.838,1094,201.549,62,4.271,28,49.217,283,52.193,429,78.921,1331,245.185
Washington,2015,4751278,253,22.958,2889,608.037,766,161.199,70,7.874,26,53.893,508,106.914,784,164.944,953,200.494
West Virginia,2015,1248039,47,21.379,521,417.689,389,311.439,13,6.969,7,55.348,67,53.928,111,89.018,499,400.093
Wisconsin,2015,3787384,248,26.337,2479,654.545,825,217.858,37,6.761,24,59.074,220,57.957,339,89.564,1007,265.83
Wyoming,2015,375070,22,28.606,208,554.482,84,223.409,3,9.832,2,49.575,18,48.756,29,76.78,109,291.119
Alabama,2016,3179298,137,15.429,1417,445.571,805,253.226,45,3.588,14,39.066,155,48.639,257,80.809,1014,319.087
Alaska,2016,450641,29,22.121,254,563.491,91,201.054,9,7.089,3,70.859,67,149.677,93,207.371,125,276.653
Arizona,2016,4489709,223,18.459,2478,552.015,803,178.765,75,6.554,22,43.245,307,68.469,518,115.48,998,222.217
Arkansas,2016,1922394,99,21.166,814,423.468,512,266.367,24,5.147,10,46.076,139,72.093,201,104.318,635,330.132
California,2016,25492189,1322,20.063,13984,548.548,3584,140.573,523,6.855,150,56.014,2473,96.997,3730,146.333,4339,170.224
Colorado,2016,3629008,212,20.685,2351,647.916,571,157.228,72,7.913,26,78.897,537,148.058,794,218.842,727,200.306
Connecticut,2016,2395872,136,26.768,1551,647.281,416,173.825,50,6.026,15,66.511,184,76.914,280,116.834,516,215.187
Delaware,2016,642469,39,17.905,357,555.134,126,195.649,10,3.679,4,56.643,52,81.688,75,116.038,146,227.974
District of Columbia,2016,463974,40,19.711,326,701.681,89,191.175,19,2.234,2,73.484,66,143.165,102,219.005,111,238.631
Florida,2016,14351670,713,20.254,7936,552.971,2543,177.171,218,4.482,72,56.973,988,68.811,1534,106.861,3066,213.607
Georgia,2016,6555271,279,12.692,3189,486.481,1324,201.98,96,3.356,36,44.675,325,49.511,572,87.283,1668,254.512
Hawaii,2016,934643,44,21.465,444,475.36,126,134.535,14,5.845,4,58.722,66,70.582,106,113.868,163,174.022
Idaho,2016,1062401,60,23.067,544,512.483,199,187.153,10,6.579,7,46.827,68,63.956,107,100.898,247,232.876
Illinois,2016,8352680,481,23.861,4930,590.249,1598,191.319,124,4.772,50,58.438,557,66.63,870,104.216,1958,234.455
Indiana,2016,4240275,201,15.836,2261,533.249,975,230.006,60,5.48,28,60.323,324,76.461,473,111.64,1198,282.568
Iowa,2016,2008814,128,22.511,1270,632.088,436,217.123,20,5.459,10,40.529,99,49.319,162,80.498,543,270.519
Kansas,2016,1811408,89,23.925,1140,629.405,382,210.638,20,5.522,11,49.812,93,51.224,162,89.264,472,260.452
Kentucky,2016,2883972,135,16.134,1204,417.41,817,283.302,35,5.379,16,51.631,185,64.125,300,103.857,1022,354.525
Louisiana,2016,2976965,179,22.62,1618,543.425,768,257.938,36,2.765,15,45.331,178,59.877,290,97.569,963,323.441
Maine,2016,942340,50,22.559,559,593.707,193,205.043,13,7.038,5,62.364,131,138.945,182,193.567,229,243.024
Maryland,2016,3982694,201,14.387,2287,574.11,659,165.565,67,3.486,23,58.792,347,87.099,478,120.05,784,196.933
Massachusetts,2016,4598419,296,21.78,2985,649.147,793,172.498,102,6.355,30,78.849,503,109.411,737,160.334,964,209.65
Michigan,2016,6555498,342,18.125,3750,572.114,1536,234.235,87,4.422,41,60.212,652,99.481,879,134.076,1830,279.129
Minnesota,2016,3625172,164,16.984,2264,624.627,680,187.601,49,5.667,23,56.688,222,61.292,391,107.767,834,230.112
Mississippi,2016,1879442,79,12.497,773,411.232,503,267.855,22,2.449,11,48.384,107,56.714,166,88.183,638,339.545
Missouri,2016,3967539,201,18.617,2177,548.71,904,227.94,50,4.687,22,49.257,281,70.784,438,110.327,1139,287.149
Montana,2016,693178,49,37.25,425,612.57,144,208.336,10,8.914,4,65.344,80,115.246,115,165.679,190,273.644
Nebraska,2016,1196562,61,21.726,763,637.299,264,220.545,13,5.993,8,51.979,71,59.569,96,80.569,328,273.988
Nevada,2016,1964559,101,23.309,1030,524.508,414,210.573,40,6.214,11,63.053,199,101.089,282,143.383,508,258.422
New Hampshire,2016,920285,51,19.831,622,675.605,164,178.01,12,8.886,5,63.728,100,108.603,139,151.504,206,224.309
New Jersey,2016,6001097,248,15.426,3420,569.878,1033,172.126,80,4.904,29,42.259,307,51.196,526,87.731,1281,213.39
New Mexico,2016,1338531,76,22.213,710,530.437,286,213.426,21,7.403,9,75.447,136,101.856,202,150.853,355,265.553
New York,2016,13244748,716,17.893,7720,582.889,2265,171.037,283,4.437,68,52.102,994,75.015,1491,112.601,2685,202.738
North Carolina,2016,6651709,285,13.109,3183,478.497,1410,211.934,100,4.044,37,49.34,425,63.954,630,94.706,1702,255.815
North Dakota,2016,466368,27,20.727,296,635.239,97,208.235,4,6.13,2,37.936,23,49.334,38,81.306,126,270.712
Ohio,2016,7643985,392,17.096,4189,547.961,1851,242.197,105,5.004,43,53.688,522,68.256,814,106.492,2300,300.93
Oklahoma,2016,2464143,141,19.702,1184,480.536,608,246.577,30,4.755,14,46.642,133,53.912,228,92.643,760,308.305
Oregon,2016,2791313,200,29.426,1755,628.773,532,190.638,64,10.072,16,68.531,505,180.742,680,243.557,658,235.739
Pennsylvania,2016,8602887,389,15.036,5230,607.9,1859,216.137,136,5.356,37,43.926,557,64.77,890,103.407,2360,274.329
Rhode Island,2016,707314,44,22.5,452,638.766,131,185.643,14,7.036,4,65.095,96,135.052,122,172.088,163,230.576
South Carolina,2016,3284833,162,15.708,1584,482.258,766,233.058,49,3.833,15,45.522,163,49.693,279,84.813,923,280.878
South Dakota,2016,544008,38,34.719,351,645.901,127,234.042,4,5.641,3,46.462,29,53.958,52,94.841,163,299.442
Tennessee,2016,4382664,196,16.623,2044,466.27,1092,249.089,65,4.961,22,47.729,282,64.396,465,106.128,1383,315.613
Texas,2016,17182224,722,15.954,8891,517.437,3414,198.691,186,4.553,95,42.052,788,45.855,1354,78.826,4189,243.776
Utah,2016,1736486,79,17.5,552,317.621,247,141.956,21,6.897,11,31.914,80,46.349,133,76.414,280,160.999
Vermont,2016,426296,26,25.314,279,653.367,84,197.73,10,9.268,2,72.492,68,159.095,85,198.554,109,256.184
Virginia,2016,5486815,277,18.993,3081,561.591,960,175.007,86,4.293,26,45.181,290,52.828,486,88.654,1191,217.145
Washington,2016,4859213,283,22.929,2887,594.159,831,171.055,91,7.045,27,58.087,694,142.773,986,202.984,1022,210.282
West Virginia,2016,1242852,50,16.717,507,407.773,395,318.059,16,6.075,5,46.1,80,64.444,134,108.13,497,399.684
Wisconsin,2016,3806407,239,22.697,2528,664.238,823,216.149,57,5.829,23,55.605,241,63.304,375,98.41,1003,263.629
Wyoming,2016,375321,22,26.812,200,533.717,76,202.908,4,8.266,2,44.52,22,57.658,36,94.617,103,275.406
Alabama,2017,3201636,145,15.82,1528,477.141,838,261.776,45,3.843,14,40.615,221,69.101,338,105.488,1017,317.542
Alaska,2017,454286,30,20.743,259,569.93,82,180.906,9,4.52,4,78.037,73,160.981,101,221.368,115,253.39
Arizona,2017,4599057,231,18.277,2533,550.705,841,182.819,72,5.543,25,51.075,452,98.257,677,147.197,1026,223.144
Arkansas,2017,1937651,98,20.434,840,433.692,513,264.761,22,4.789,11,50.065,150,77.284,222,114.615,644,332.619
California,2017,25769686,1455,18.454,14513,563.171,3326,129.055,585,5.08,169,64.032,2676,103.852,4005,155.403,4116,159.735
Colorado,2017,3708548,296,22.656,2478,668.053,652,175.692,109,7.755,25,76.533,584,157.346,904,243.714,816,220.1
Connecticut,2017,2405282,131,19.253,1604,666.8,380,158.119,38,4.134,18,80.842,230,95.765,342,142.154,489,203.393
Delaware,2017,651806,40,15.594,372,570.241,133,204.687,11,3.721,4,67.197,60,92.235,91,139.657,163,250.207
District of Columbia,2017,474297,47,18.879,331,697.831,93,196.612,20,2.639,2,90.263,68,142.547,106,224.399,109,229.824
Florida,2017,14656396,632,15.468,7984,544.755,2576,175.771,235,4.812,72,55.116,1124,76.706,1722,117.498,3105,211.844
Georgia,2017,6661559,289,13.322,3460,519.424,1286,193.078,103,3.436,42,53.039,435,65.307,724,108.621,1650,247.76
Hawaii,2017,938835,45,21.916,471,501.942,125,133.217,16,3.531,4,60.931,76,80.936,120,127.311,156,166.534
Idaho,2017,1089805,57,17.519,547,501.711,197,181.071,11,5.475,7,54.661,78,71.123,126,115.793,250,229.466
Illinois,2017,8380092,473,19.464,5125,611.513,1506,179.716,153,5.02,53,62.66,664,79.184,1031,123.064,1831,218.532
Indiana,2017,4276407,184,14.286,2300,537.925,1020,238.414,67,6.279,28,59.776,362,84.579,533,124.607,1240,290.029
Iowa,2017,2020666,120,21.464,1266,626.557,437,216.119,21,4.91,11,41.581,109,53.89,187,92.452,543,268.917
Kansas,2017,1819258,85,19.1,1090,599.046,378,208.037,22,5.512,12,53.827,93,51.312,204,111.885,483,265.349
Kentucky,2017,2903588,129,16.097,1236,425.553,809,278.645,39,5.065,16,50.768,203,69.82,312,107.472,996,343.116
Louisiana,2017,2987835,188,18.609,1605,537.146,719,240.575,37,3.06,15,42.172,186,62.151,297,99.535,940,314.443
Maine,2017,948984,55,23.677,560,589.881,187,196.65,14,6.253,5,61.331,140,147.505,203,213.406,218,229.666
Maryland,2017,4007455,184,12.919,2493,621.979,642,160.204,64,3.004,22,54.477,321,80.081,456,113.884,787,196.387
Massachusetts,2017,4649494,277,19.875,3051,656.155,781,167.964,98,5.409,31,80.473,512,110.157,768,165.195,946,203.535
Michigan,2017,6612857,332,15.706,3801,574.848,1400,211.757,95,4.561,43,64.344,708,107.024,1011,152.823,1705,257.87
Minnesota,2017,3665430,174,15.458,2251,613.987,639,174.234,72,5.158,20,50.146,289,78.925,462,126.077,812,221.464
Mississippi,2017,1887440,80,12.143,823,436.1,519,275.101,25,3.171,11,47.587,110,58.341,178,94.468,646,342.266
Missouri,2017,3997148,194,16.468,2111,528.161,915,228.831,46,4.226,22,50.95,281,70.31,484,121.007,1098,274.733
Montana,2017,702611,49,31.361,436,620.851,134,191.346,10,6.517,4,62.353,91,129.625,119,169.215,178,252.652
Nebraska,2017,1206583,62,18.64,747,618.972,244,202.584,15,5.424,8,57.555,76,62.995,112,93.131,307,254.181
Nevada,2017,2008499,105,17.984,1075,535.177,436,217.107,39,5.42,11,58.347,267,133.124,397,197.878,537,267.169
New Hampshire,2017,933100,55,20.045,631,676.599,144,154.233,16,8.039,6,73.432,116,124.076,160,171.922,192,205.249
New Jersey,2017,6010331,263,15.016,3385,563.225,963,160.279,71,3.36,33,49.195,373,62.11,557,92.652,1167,194.215
New Mexico,2017,1351993,66,18.29,678,501.354,287,212.032,22,6.656,10,78.753,157,116.167,225,166.579,348,257.641
New York,2017,13260774,680,14.643,7455,562.209,2042,153.994,290,3.946,66,52.363,1035,78.08,1589,119.79,2432,183.365
North Carolina,2017,6764669,312,15.308,3420,505.557,1400,207.022,104,4.286,37,51.837,415,61.327,691,102.119,1724,254.926
North Dakota,2017,469643,27,22.96,285,605.818,99,210.063,5,4.528,2,40.366,28,60.302,43,91.087,128,273.286
Ohio,2017,7695525,364,16.626,4218,548.114,1760,228.659,91,4.419,43,52.745,513,66.599,823,106.919,2144,278.611
Oklahoma,2017,2479838,140,17.133,1272,512.87,602,242.641,36,5.07,14,48.708,151,60.949,255,102.776,754,303.98
Oregon,2017,2839447,199,24.175,1750,616.226,479,168.737,67,8.032,16,67.544,502,176.764,723,254.779,608,214.134
Pennsylvania,2017,8642237,398,16.268,5189,600.393,1770,204.847,139,5.312,42,49.834,603,69.782,986,114.066,2228,257.813
Rhode Island,2017,711511,44,19.159,441,619.332,124,173.77,14,5.62,4,70.659,90,126.962,124,173.919,147,206.88
South Carolina,2017,3345950,171,15.778,1780,531.858,771,230.45,54,4.577,19,55.07,231,68.917,383,114.365,940,280.934
South Dakota,2017,550564,34,26.041,346,628.669,113,205.182,4,4.264,3,41.656,31,55.774,52,95.232,151,274.164
Tennessee,2017,4443021,193,17.355,2073,466.67,1009,227.11,69,4.693,24,50.683,314,70.664,473,106.386,1316,296.217
Texas,2017,17545587,734,13.058,8941,509.575,3309,188.605,194,4.422,102,43.725,829,47.236,1498,85.405,4059,231.352
Utah,2017,1780017,72,15.126,551,309.764,245,137.391,21,5.203,10,27.886,82,46.216,147,82.643,295,165.684
Vermont,2017,428613,29,29.074,281,656.353,80,187.509,10,8.127,3,95.721,72,167.641,91,212.685,101,235.969
Virginia,2017,5542540,265,16.261,3041,548.655,873,157.513,80,3.696,27,46.562,307,55.302,498,89.886,1121,202.19
Washington,2017,4970994,272,24.861,3037,610.847,935,188.117,100,6.301,28,62.398,746,150.114,1052,211.63,1135,228.374
West Virginia,2017,1238942,49,15.742,503,406.158,363,293.087,18,6.142,6,53.111,104,83.741,154,124.019,452,364.81
Wisconsin,2017,3833603,235,21.064,2460,641.599,756,197.289,67,5.978,24,54.635,277,72.197,423,110.369,934,243.669
Wyoming,2017,375569,19,26.741,197,525.621,76,202.776,4,5.406,2,52.923,24,63.842,39,104.88,104,277.934
Alabama,2018,3225318,167,14.954,1536,476.373,808,250.5,51,3.137,16,46.155,242,74.906,417,129.303,1012,313.648
Alaska,2018,455906,31,18.621,260,570.019,86,188.563,8,4.665,4,77.775,74,162.506,106,233.251,113,248.32
Arizona,2018,4715857,212,17.082,2540,538.643,801,169.812,67,4.839,30,59.971,472,100.118,666,141.148,958,203.073
Arkansas,2018,1949363,93,15.611,859,440.504,485,248.884,17,3.627,11,50.178,148,76.023,230,117.817,619,317.618
California,2018,25917724,1586,17.963,13932,537.543,3196,123.298,572,5.185,176,68.27,3086,119.085,4476,172.718,3880,149.708
Colorado,2018,3782655,302,20.096,2470,653.031,658,173.837,130,6.401,26,79.658,591,156.205,903,238.595,819,216.631
Connecticut,2018,2408141,138,18.267,1555,645.867,361,149.803,36,3.738,15,65.696,253,105.194,377,156.441,474,196.648
Delaware,2018,659878,39,15.278,402,609.333,126,190.347,12,3.077,4,71.153,69,105.257,101,152.947,159,241.247
District of Columbia,2018,479448,43,12.41,330,689.267,82,171.937,18,2.14,2,95.006,69,143.004,115,240.092,95,198.39
Florida,2018,14896983,564,12.621,8198,550.292,2524,169.424,211,3.588,71,52.801,1335,89.626,1890,126.889,3120,209.436
Georgia,2018,6756292,298,13.644,3544,524.51,1245,184.262,85,2.538,39,49.27,535,79.139,873,129.181,1587,234.919
Hawaii,2018,939985,52,17.741,467,496.893,143,152.218,20,4.262,4,56.969,88,93.83,135,143.751,175,186.394
Idaho,2018,1119507,58,16.987,574,512.399,191,171.013,12,5.737,8,54.31,82,73.643,133,118.52,238,212.362
Illinois,2018,8378609,445,15.302,5089,607.356,1506,179.715,158,4.016,51,60.357,754,89.954,1170,139.596,1831,218.546
Indiana,2018,4312382,228,17.589,2306,534.667,1051,243.688,51,5.028,25,53.447,416,96.579,603,139.73,1304,302.436
Iowa,2018,2032017,105,21.865,1267,623.466,461,226.828,21,4.675,12,50.599,105,51.771,199,98.022,554,272.555
Kansas,2018,1827127,86,19.031,1038,568.052,376,205.868,31,5.448,11,49.612,117,64.178,226,123.545,495,270.788
Kentucky,2018,2917791,142,16.932,1355,464.227,797,273.131,50,4.468,16,50.308,254,87.077,378,129.381,974,333.691
Louisiana,2018,2992047,168,14.001,1553,519.158,728,243.222,46,2.553,16,43.266,191,63.908,304,101.697,929,310.628
Maine,2018,955772,51,21.423,568,594.449,172,179.857,14,5.617,6,77.052,153,159.727,214,224.235,202,211.253
Maryland,2018,4017859,189,13.844,2414,600.694,648,161.21,60,2.658,22,54.636,368,91.638,521,129.716,837,208.328
Massachusetts,2018,4680619,261,17.514,3037,648.778,718,153.47,76,4.224,29,72.546,596,127.287,874,186.692,875,186.848
Michigan,2018,6657456,362,16.395,3821,573.946,1384,207.871,88,3.677,42,63.043,800,120.179,1189,178.601,1693,254.373
Minnesota,2018,3698785,193,16.862,2404,649.86,642,173.595,65,4.306,21,51.339,312,84.427,506,136.722,816,220.691
Mississippi,2018,1894943,89,13.669,799,421.761,511,269.871,26,2.518,11,45.479,126,66.478,195,102.803,631,333.158
Missouri,2018,4022731,199,17.987,2151,534.831,855,212.634,40,3.83,22,50.46,302,75.181,506,125.756,1041,258.802
Montana,2018,712413,50,25.067,440,617.633,151,212.424,11,6.136,5,74.576,94,131.75,124,173.564,205,287.815
Nebraska,2018,1215009,64,18.488,733,603.564,237,195.316,14,4.994,9,62.914,78,64.25,133,109.163,297,244.345
Nevada,2018,2046371,121,18.408,1161,567.26,383,187.186,48,5.33,13,73.807,301,146.9,451,220.394,463,226.492
New Hampshire,2018,945381,54,20.994,631,667.526,141,148.985,18,6.116,6,76.785,116,122.484,173,183.145,190,200.843
New Jersey,2018,5989388,244,14.872,3407,568.899,852,142.321,76,3.176,33,52.225,437,73.022,651,108.704,1003,167.401
New Mexico,2018,1364936,68,16.844,669,489.942,281,205.626,21,6.512,11,87.506,150,109.874,250,183.411,340,249.054
New York,2018,13191928,645,16.083,7168,543.354,2053,155.662,282,3.223,67,55.915,1233,93.467,1913,145.02,2469,187.165
North Carolina,2018,6865689,341,14.679,3644,530.745,1502,218.741,111,3.34,42,61.421,538,78.331,885,128.925,1821,265.208
North Dakota,2018,473049,27,23.611,282,596.223,99,208.266,5,4.789,3,40.296,29,61.935,47,99.027,127,267.735
Ohio,2018,7734940,377,16.114,4264,551.318,1763,227.912,109,3.652,44,53.941,682,88.23,1021,131.975,2207,285.297
Oklahoma,2018,2497934,130,16.398,1196,478.713,639,255.898,34,4.102,14,46.98,227,90.888,328,131.402,794,317.876
Oregon,2018,2880798,192,23.492,1790,621.307,477,165.628,67,6.613,17,71.618,504,174.868,718,249.258,621,215.476
Pennsylvania,2018,8675385,406,16.937,4885,563.143,1761,203.035,148,4.287,47,58.105,758,87.331,1207,139.094,2184,251.702
Rhode Island,2018,714973,43,17.832,445,621.708,125,174.298,12,4.287,4,67.773,96,134.031,145,202.977,152,212.517
South Carolina,2018,3407157,169,14.292,1792,526.097,786,230.752,41,2.77,18,50.665,276,80.933,439,128.824,968,283.986
South Dakota,2018,557354,30,19.651,329,590.874,112,200.761,4,4.447,3,44.474,29,51.278,48,86.697,141,253.495
Tennessee,2018,4497884,205,16.254,2102,467.428,995,221.171,61,3.581,24,49.373,344,76.513,523,116.2,1274,283.286
Texas,2018,17862401,779,14.346,9370,524.542,3291,184.216,207,4.432,113,48.602,1057,59.174,1774,99.3,4015,224.769
Utah,2018,1821899,70,15.679,592,324.884,232,127.201,16,5.158,12,36.84,90,49.647,178,97.737,282,154.902
Vermont,2018,430733,27,25.606,277,642.475,76,175.662,10,6.816,3,93.066,74,171.088,100,233.076,97,224.405
Virginia,2018,5581639,267,15.199,3057,547.688,966,173.133,80,3.077,29,48.656,349,62.455,518,92.889,1234,221.15
Washington,2018,5065742,282,20.069,3050,602.125,942,185.981,95,5.256,29,63.463,838,165.403,1199,236.665,1150,227.04
West Virginia,2018,1235448,46,17.428,498,402.934,336,272.212,16,5.065,7,59.672,100,81.155,144,116.328,438,354.69
Wisconsin,2018,3861670,217,18.72,2490,644.92,750,194.208,64,5.528,23,53.793,289,74.815,466,120.566,917,237.359
Wyoming,2018,377084,22,23.695,212,561.282,78,205.597,4,6.164,2,54.893,23,59.78,38,100.652,107,282.912