Totals.Tobacco.Cigarette Past Month.12-17,Totals.Tobacco.Cigarette Past Month.18-25,Totals.Tobacco.Cigarette Past Month.26+,Rates.Tobacco.Cigarette Past Month.12-17,Rates.Tobacco.Cigarette Past Month.18-25,Rates.Tobacco.Cigarette Past Month.26+,Totals.Tobacco.Use Past Month.12-17,Totals.Tobacco.Use Past Month.18-25,Totals.Tobacco.Use Past Month.26+,Rates.Tobacco.Use Past Month.12-17,Rates.Tobacco.Use Past Month.18-25,Rates.Tobacco.Use Past Month.26+
52,196,728,136.906,392.404,258.844,63,226,930,166.578,451.976,330.659
9,28,92,132.517,439.749,249.578,11,30,112,163.918,484.27,304.22
62,234,919,128.357,388.473,275.99,73,240,1032,151.071,397.968,309.969
37,154,539,160.479,509.682,319.224,46,169,660,195.714,558.846,391.21
235,1245,4028,74.824,317.661,188.269,290,1377,4721,92.235,351.353,220.699
53,220,712,137.437,445.605,254.318,67,247,836,174.446,499.545,298.565
40,134,504,134.487,415.563,225.643,45,149,578,151.937,461.399,258.6
9,38,127,140.664,426.917,247.854,11,41,146,163.023,464.75,283.159
2,24,98,70.956,332.627,263.999,3,28,109,95.288,373.867,293.435
165,579,2610,122.611,367.507,235.882,193,655,3089,143.359,415.541,279.116
96,335,1348,128.338,354.795,259.056,118,395,1617,157.931,417.44,310.698
9,42,166,87.795,343.201,217.747,13,45,186,123.329,365.9,243.703
16,64,180,124.806,390.162,226.765,19,71,216,146.953,430.815,271.341
141,590,2023,130.005,427.52,258.512,162,645,2373,149.729,466.831,303.276
78,317,1033,143.895,449.388,272.616,91,347,1228,168.401,492.962,324.224
35,147,464,142.729,419.108,251.356,40,171,544,163.386,486.748,294.414
34,127,412,139.526,396.242,250.627,38,146,506,155.676,456.805,307.314
58,241,879,176.225,530.579,337.387,76,268,1004,231.77,588.839,385.381
61,228,732,150.078,423.585,274.469,72,259,850,175.791,482.136,318.712
13,57,227,121.629,438.887,260.988,15,66,267,135.548,504.427,306.937
53,193,793,110.805,359.135,228.843,61,226,928,127.003,420.454,267.636
59,258,889,116.936,383.966,211.581,73,286,1045,143.674,425.295,248.799
122,467,1747,135.937,428.101,277.355,142,520,2036,158.902,476.4,323.166
70,276,776,156.694,482.232,245.859,79,294,939,176.944,513.143,297.813
33,144,502,128.348,415.653,294.637,43,166,611,165.7,477.678,358.719
88,299,1085,178.76,475.865,305.597,103,325,1285,210.137,517.593,361.885
13,46,152,161.031,449.585,262.598,17,56,188,211.585,537.626,325.15
25,90,252,163.61,439.225,238.442,29,100,304,188.572,488.099,287.566
24,78,441,127.314,364.012,319.471,28,91,503,153.051,423.759,364.718
16,58,207,140.253,447.961,249.37,19,65,256,168.226,503.318,308.58
85,322,1255,118.279,406.681,224.624,98,352,1455,136.501,444.463,260.38
22,81,260,123.438,384.506,231.938,27,95,316,153.652,452.628,281.426
185,818,3050,118.097,401.675,247.615,200,889,3498,127.821,436.408,283.994
101,402,1507,147.775,458.865,289.463,123,439,1868,179.678,501.347,358.82
10,35,100,175.323,427.826,257.15,11,41,119,208.779,497.384,304.989
143,567,2155,145.213,460.277,300.029,171,638,2579,172.683,517.914,359.106
45,184,629,149.591,447.124,296.748,53,218,746,175.973,529.603,351.604
34,160,541,112.933,414.863,239.406,43,180,666,144.231,466.34,294.629
151,578,2129,147.341,447.779,265.859,172,647,2582,167.494,501.746,322.407
12,60,174,137.223,476.003,253.351,14,65,202,161.285,514.588,292.877
42,197,669,122.116,428.814,259.724,54,220,805,155.174,480.562,312.678
14,47,127,197.882,517.574,276.965,16,52,150,228.239,576.95,325.339
68,241,1034,143.315,388.272,279.522,81,288,1253,171.688,463.02,338.58
235,984,3208,116.542,391.825,250.875,272,1067,3801,134.548,424.743,297.251
15,89,200,65.683,246.08,163.642,19,92,245,84.312,254.586,200.878
8,33,93,148.438,475.712,230.295,10,37,115,183.272,526.411,284.898
86,321,1080,141.722,433.759,236.913,94,354,1309,154.004,478.298,286.994
57,276,839,108.421,422.286,219.308,70,299,971,132.19,458.073,253.699
24,93,335,173.399,479.582,279.436,30,106,435,213.435,542.628,362.965
74,282,811,153.221,454.807,236.693,84,313,988,173.023,504.131,288.415
6,26,79,127.754,444.558,255.026,7,33,101,163.419,551.839,325.479
51,200,779,134.812,396.331,274.905,67,238,994,174.335,472.788,350.657
9,30,91,131.513,426.584,246.34,11,33,106,158.711,478.284,287.057
60,228,841,119.558,366.406,245.571,73,240,969,145.958,386.757,282.873
33,143,498,142.149,464.561,292.234,41,162,612,173.997,527.845,359.028
279,1241,3621,86.938,314.248,166.954,349,1380,4238,108.76,349.357,195.433
51,220,714,131.411,439.539,252.388,67,249,828,173.297,496.077,292.59
41,139,503,139.631,413.181,222.373,49,155,577,167.462,460.157,255.474
9,37,123,130.539,410.004,236.268,10,41,143,153.362,449.379,274.026
2,22,98,67.113,314.146,265.94,3,25,106,89.747,357.06,288.755
146,590,2700,106.299,355.712,239.414,170,688,3174,123.377,415.047,281.421
92,346,1378,119.928,357.79,261.216,113,406,1634,148.415,420.175,309.671
9,44,153,89.556,359.844,193.869,12,47,172,123.858,386.069,217.209
15,67,169,118.159,399.036,206.719,19,74,206,145.137,440.388,252.746
121,612,2075,110.573,437.262,263.918,145,671,2436,133.493,479.312,309.798
69,302,1020,125.863,424.795,267.251,79,343,1218,144.536,481.957,319.188
32,156,479,132.131,440.892,257.512,36,179,563,147,506.389,302.49
35,139,444,148.887,428.96,267.896,41,162,539,173.381,498.929,325.336
63,221,849,188.23,487.01,325.144,82,254,992,243.006,560.782,379.716
52,221,767,127.903,406.149,285.571,60,247,880,147.618,453.873,327.681
15,61,221,138.655,457.344,252.185,17,69,273,153.424,511.332,311.171
51,197,795,105.43,354.958,227.753,59,233,921,121.713,418.657,263.82
55,273,850,107.102,403.266,202.818,70,308,1025,137.176,455.082,244.559
121,490,1710,133.842,441.521,270.232,140,539,2009,154.904,486.272,317.364
58,275,720,131.678,467.915,226.031,71,295,907,161.374,501.549,284.617
32,145,476,124.436,415.668,276.403,39,168,580,153.381,481.828,337.027
84,293,1068,171.385,454.963,297.916,100,327,1275,203.29,507.821,355.736
12,45,145,154.129,424.49,246.233,17,57,189,210.296,530.326,321.993
21,90,234,136.424,432.083,220.077,24,101,293,161.352,481.728,274.905
21,83,390,110.135,361.575,271.082,26,97,441,134.915,423.571,307.004
15,55,198,127.329,410.428,236.199,18,65,242,155.806,482.125,287.754
86,310,1226,117.025,380.154,219.029,103,346,1340,140.126,424.189,239.51
23,82,258,130.104,377.773,225.807,29,97,315,167.889,442.8,275.789
174,817,2976,110.404,399.055,241.084,196,881,3379,124.926,430.314,273.728
100,395,1368,141.848,444.646,259.266,121,426,1800,172.03,479.412,341.254
9,36,100,168.212,434.709,256.189,11,41,124,206.885,496.27,316.839
139,555,2073,141.312,443.208,286.905,166,627,2486,168.552,500.881,343.989
46,195,638,156.468,468.82,297.536,55,223,745,185.022,536.814,347.447
35,154,541,116.298,393.018,235.533,44,179,640,147.403,455.66,278.687
142,586,2086,137.318,445.272,259.866,164,656,2559,158.489,498.761,318.722
11,51,173,130.895,404.036,251.229,14,58,203,155.801,454.453,293.567
43,197,678,120.916,428.538,261.537,54,224,802,151.163,485.853,309.004
12,46,131,172.673,495.562,281.772,15,52,154,212.527,560.208,332.567
64,245,1052,133.623,384.945,280.98,77,288,1236,161.416,452.71,330.067
228,977,3401,111.664,378.962,261.78,264,1081,3967,129.632,419.642,305.341
16,91,217,68.087,254.67,174.127,20,92,257,86.903,259.568,205.568
8,33,94,142.305,463.318,231.275,9,37,114,174.278,524.394,278.854
74,326,1120,119.879,429.898,242.799,83,362,1344,133.735,478.466,291.278
56,273,881,106.933,403.654,226.542,69,297,1029,131.668,439.667,264.581
23,98,373,166.923,500.9,309.051,27,111,470,196.61,569.598,389.54
73,290,817,152.697,457.844,236.006,86,316,991,178.645,499.204,286.395
6,26,76,136.129,424.134,239.727,8,32,98,173.715,519.051,311.386
47,197,773,124.25,388.654,269.372,61,234,934,159.465,462.976,325.489
7,30,89,107.485,412.619,238.455,10,35,108,151.392,475.562,288.9
57,227,786,110.728,352.05,221.432,70,264,923,136.778,409.396,259.99
30,134,471,130.799,433.606,272.47,38,156,599,162.023,503.489,346.079
295,1206,3822,89.709,303.49,174.903,358,1353,4459,108.731,340.423,204.054
48,207,596,121.459,408.676,207.867,63,238,717,159.287,470.22,250.279
39,144,488,129.286,417.232,215.513,46,157,569,155.153,455.692,251.271
8,36,134,121.924,391.354,250.135,10,41,156,147.714,446.933,292.493
2,23,93,71.417,347.577,254.899,3,26,103,93.329,392.593,282.272
142,620,2798,101.047,360.367,242.635,168,721,3316,119.509,419.212,287.626
84,349,1340,108.45,352.022,247.503,100,398,1635,128.33,402.19,302.034
8,44,147,77.192,357.082,184.144,10,49,170,102.966,394.285,213.193
14,70,185,106.26,402.823,219.382,17,77,219,131.444,448.147,260.623
117,608,2092,106.022,431.863,264.405,141,670,2454,128.081,476.212,310.192
67,299,1064,122.758,421.759,275.897,78,342,1254,141.892,482.354,325.131
29,150,458,121.681,425.066,243.358,35,181,560,146.149,511.43,297.108
32,140,446,135.292,428.165,266.555,39,160,539,166.051,487.933,322.289
58,207,816,171.692,457.779,308.502,71,241,1005,210.38,532.258,379.762
40,213,767,99.469,389.798,282.803,49,239,895,122.077,437.67,329.901
16,63,220,152.147,462.405,249.143,19,71,263,179.784,519.489,297.2
52,208,773,105.469,362.999,219.992,59,229,914,120.622,400.281,260.268
54,271,917,106.224,400.558,218.925,71,316,1106,139.535,466.155,264.09
111,503,1742,122.424,452.422,274.047,127,555,2052,139.493,499.302,322.954
56,277,731,128.476,463.379,227.114,69,304,896,158.214,508.943,278.085
28,133,464,111.426,382.6,265.477,35,161,566,138.222,463.276,324.087
77,293,1058,158.138,448.38,291.068,94,337,1290,192.146,516.044,354.702
11,46,156,146.78,417.827,260.557,15,56,201,195.461,514.745,334.907
19,84,249,127.461,399.687,230.979,23,96,296,156.024,455.191,274.478
21,93,399,106.378,387.764,267.471,26,105,465,128.159,436.766,311.196
13,56,185,110.022,408.651,217.826,16,65,226,134.542,472.864,266.194
84,313,1191,111.982,375.799,212.499,99,348,1383,132.972,418.58,246.719
20,89,261,116.991,396.569,223.289,26,102,309,151.442,453.59,264.892
170,810,2946,107.096,395.321,238.09,202,882,3342,127.407,430.356,270.107
99,396,1387,138.678,441.358,257.788,122,437,1719,171.073,486.97,319.501
7,35,97,137.78,425.178,242.563,9,41,122,175.654,498.668,306.628
126,543,2006,128.185,431.511,276.168,157,625,2391,160.062,496.781,329.131
43,185,606,148.694,441.475,279.262,52,212,709,177.214,506.259,326.37
33,164,564,112.171,414.146,242.107,43,184,659,144.595,465.158,282.582
135,572,2095,130.823,432.545,259.891,160,646,2509,154.461,488.356,311.264
11,50,164,120.198,396.3,237.5,13,56,192,146.075,450.151,277.199
43,195,756,119.55,419.559,286.224,54,221,867,151.295,476.915,328.251
10,41,115,155.233,434.324,243.283,13,47,144,191.031,497.978,304.797
64,282,1112,133.969,438.795,292.662,80,317,1349,168.068,494.018,354.959
203,972,3333,98.864,369.991,251.215,243,1108,3992,118.151,421.485,300.891
20,100,242,86.791,278.243,185.479,24,106,273,103.961,295.536,209.27
7,32,96,137.596,458.067,233.502,9,37,115,164.353,526.462,278.244
69,323,1114,110.791,417.411,237.983,81,372,1329,130.174,480.351,283.989
49,269,926,92.024,388.381,234.092,61,300,1057,116.57,432.936,267.181
22,92,386,160.287,476.477,317.92,27,108,498,194.868,559.47,409.574
61,281,910,129.454,439.502,259.859,78,313,1083,164.462,489.458,309.31
6,25,78,139.762,397.181,242.987,7,30,100,175.905,486.302,310.362
45,196,803,117.626,387.718,276.982,58,232,983,151.477,460.172,339.205
7,30,90,103.553,398.78,235.005,10,35,111,149.735,474.699,291.206
58,236,863,110.739,357.586,232.866,70,277,1026,133.603,419.493,277.115
32,137,505,137.79,447.787,287.808,38,156,629,163.672,508.818,358.166
258,1251,4341,78.326,306.295,196.887,313,1402,4944,94.911,343.297,224.262
42,206,606,108.224,400.995,206.175,55,236,730,142.275,459.398,248.419
31,146,452,102.77,417.469,198.696,37,164,541,124.627,471.02,237.958
7,34,130,106.028,371.204,240.777,9,39,151,125.187,420.899,279.34
3,26,94,74.208,364.161,253.948,3,28,106,93.525,393.764,286.784
135,622,2801,96.332,352.364,236.984,162,728,3324,115.192,412.222,281.261
78,350,1298,97.465,347.289,231.678,97,409,1663,121.162,405.83,296.738
7,42,154,72.187,336.498,191.16,9,46,174,91.451,365.932,215.681
13,62,197,100.822,365.046,227.195,16,72,235,124.741,419.299,270.576
116,573,2017,105.441,403.049,253.231,141,646,2362,127.984,453.988,296.557
65,302,1091,118.415,429.829,278.9,78,342,1300,142.006,487.001,332.198
31,147,453,127.303,421.734,239.95,39,175,570,158.147,500.509,301.937
29,135,435,124.604,415.367,258.336,37,158,542,159.565,486.541,321.788
53,219,804,155.259,492.8,300.485,66,247,1012,194.785,558.006,378.294
41,203,724,105.363,386.883,271.978,50,230,898,129.962,439.515,337.145
14,60,231,128.992,450.21,259.594,17,69,267,160.925,512.287,299.347
47,205,764,95.266,352.456,215.375,54,230,897,110.372,395.232,252.953
53,269,948,104.081,387.772,226.345,73,313,1142,142.218,450.803,272.846
102,495,1748,113.298,448.133,273.988,121,552,2058,134.076,499.24,322.647
54,276,746,124.627,465.275,229.502,67,307,919,153.076,516.734,282.799
26,124,487,99.497,365.935,276.993,34,152,597,130.667,446.542,339.262
65,281,1079,131.554,432.657,293.803,78,321,1300,158.755,494.245,354.124
11,46,160,136.179,425.365,264.648,14,56,200,179.805,521.234,329.83
17,84,268,116.556,401.765,247.489,21,97,319,144.345,460.118,294.751
21,95,421,103.912,387.39,271.203,25,106,486,120.243,428.973,313.343
12,58,184,107.065,424.996,214.278,15,65,221,130.488,473.938,257.009
81,318,1126,108.837,376.471,199.596,95,364,1393,127.613,431.514,246.94
20,94,272,115.157,415.262,229.647,26,107,322,146.736,469.961,272.075
154,794,2947,96.725,376.943,237.953,189,878,3333,119.163,416.882,269.183
80,380,1435,110.185,422.219,260.207,103,426,1721,141.809,473.567,312.097
6,34,93,121.86,404.261,236.728,8,40,115,152.58,475.763,292.033
122,553,2031,124.636,442.955,278.661,154,636,2418,157.056,508.87,331.802
38,178,684,129.356,427.977,312.536,48,208,808,161.883,501.547,369.228
33,154,522,110.304,389.305,218.79,42,174,623,140.944,440.944,261.474
131,544,2073,126.88,410.035,256.28,156,624,2483,151.567,470.811,307.006
10,51,162,110.297,405.734,235.866,12,57,192,134.511,454.765,279.618
44,199,806,121.407,431.619,298.717,54,221,921,149.33,479.533,341.183
9,38,120,141.541,414.042,251.384,12,45,150,174.009,489.129,314.86
63,298,1224,130.229,469.865,317.78,80,334,1479,164.794,526.149,383.984
201,985,3496,96.272,368.406,256.656,243,1133,4238,116.729,423.707,311.139
19,102,253,79.842,279.243,186.962,23,111,294,96.795,304.379,217.431
7,33,96,130.55,463.973,230.931,9,38,116,166.392,532.235,279.866
69,331,1143,111.07,422.617,239.742,80,376,1347,128.167,480.501,282.44
52,253,910,97.524,368.072,225.32,67,296,1087,125.354,431.015,269.124
20,84,397,143.427,446.739,325.528,25,99,499,184.177,528.093,409.418
52,269,957,110.269,425.6,270.966,65,300,1138,139.269,474.913,322.384
6,27,86,143.505,445.74,264.547,8,32,108,192.785,527.767,333.04
46,194,846,119.558,387.972,289.616,64,239,1002,164.336,478.203,343.2
6,29,95,97.755,396.21,239.276,9,35,116,141.865,464.643,294.439
56,250,964,105.041,373.896,250.109,66,281,1107,124.162,421.304,287.33
34,131,525,145.072,440.139,295.314,38,148,633,164.22,497.265,355.877
226,1240,4452,69.564,294.115,199.847,286,1417,5099,88.12,336.126,228.918
39,217,696,101.949,420.656,229.703,57,253,860,147.858,488.547,283.824
29,139,447,97.637,394.587,196.807,37,165,567,124.204,466.889,249.465
7,34,134,93.168,368.343,245.312,8,37,155,110.603,404.212,283.141
3,30,98,72.299,361.978,258.039,4,31,108,92.782,382.499,285.659
132,631,2964,94.78,354.577,246.136,162,736,3481,116.622,413.478,289.058
83,369,1407,100.439,368.003,244.126,113,439,1793,137.152,438.636,311.226
7,45,167,70.646,352.942,203.41,10,49,184,100.489,387.747,224.161
12,55,187,88.373,334.488,209.863,15,64,227,112.132,384.774,254.15
111,567,2030,101.753,395.524,253.429,138,643,2387,126.311,448.183,298.008
63,295,1084,117.563,428.275,273.106,79,337,1320,146.25,488.342,332.794
29,127,463,117.732,370.629,246.136,36,149,566,145.179,433.887,300.429
28,131,421,117.233,406.26,248.602,36,158,525,151.997,491.986,310.005
55,217,781,160.044,505.152,288.26,69,245,979,200.703,569.067,361.245
41,198,702,111.091,391.274,269.632,50,226,856,134.893,448.022,328.559
12,55,239,117.138,429.338,267.535,14,60,272,136.332,473.216,304.315
42,198,798,87.699,335.699,223.538,50,228,930,104.444,386.243,260.291
49,252,858,95.34,352.361,204.324,67,308,1047,131.663,429.718,249.184
95,457,1617,107.344,417.417,252.534,118,516,1934,132.438,471.581,302.195
51,259,777,115.97,444.407,237.092,63,294,961,144.534,504.55,293.269
24,124,472,93.352,374.473,268.622,31,146,588,121.274,441.87,335.04
59,265,1091,119.226,418.437,294.758,70,301,1256,140.955,476.154,339.481
10,42,137,121.072,394.987,224.324,13,53,179,166.315,499.413,293.442
16,82,264,107.94,392.56,242.845,19,94,313,130.427,450.153,288.084
21,90,435,100.487,368.648,270.38,25,101,484,118.463,412.928,300.454
11,55,191,99.359,406.965,219.758,14,62,223,126.127,465.325,257.174
66,316,1205,91.193,370.69,212.806,84,362,1437,115.639,424.444,253.792
20,94,264,117.839,414.278,219.795,26,107,324,150.167,470.708,270.208
130,734,2767,82.103,336.843,223.153,163,829,3120,103.486,380.524,251.657
80,354,1453,109.558,390.439,256.613,98,398,1766,134.098,438.462,311.841
6,35,92,124.254,400.262,236.032,8,42,111,152.978,476.693,286.506
125,557,2073,128.913,453.691,283.389,159,637,2459,163.951,519.604,336.114
40,172,683,132.093,417.923,310,49,199,810,162.508,483.372,367.93
29,131,553,96.918,338.551,227.143,40,153,666,135.047,394.94,273.211
128,515,2027,125.681,388.366,250.223,154,606,2451,150.966,457.394,302.587
10,53,164,114.723,420.27,240.612,12,61,195,142.846,479.884,285.049
43,196,808,118.681,428.506,292.805,51,217,927,139.93,474.303,336.069
8,38,119,126.227,417.088,245.782,11,46,146,158.942,499.792,300.674
65,264,1204,129.95,425.967,307.02,79,303,1417,159.718,489.031,361.278
199,929,3540,94.731,344.279,253.415,239,1078,4201,113.259,399.23,300.769
15,94,239,62.456,252.531,171.223,19,100,283,79.24,270.496,202.687
6,28,92,115.381,412.738,221.721,8,34,116,151.778,489.292,279.647
68,316,1122,110.1,395.432,232.134,77,358,1332,123.978,447.611,275.61
52,233,887,97.686,345.967,214.843,70,275,1087,131.218,409.775,263.248
17,82,380,124.389,452.109,311.073,23,95,464,167.305,520.861,379.659
58,273,976,123.114,440.476,274.016,72,301,1125,153.49,485.208,315.844
6,28,92,146.969,471.2,282.058,9,33,116,212.257,553.397,355.771
43,192,804,113.181,383.97,272.868,56,237,956,147.446,473.836,324.691
6,29,96,91.419,387.944,239.215,9,34,119,136.285,446.308,294.504
50,233,955,93.541,346.677,240.488,60,278,1108,110.919,413.057,279.068
31,129,564,131.562,438.075,313.455,35,142,655,150.18,484.46,364.462
213,1215,4371,66.251,285.424,194.592,269,1410,5074,83.681,331.231,225.877
38,219,751,98.73,421.769,242.225,55,250,905,141.317,480.944,292.181
26,132,481,89.979,370.585,211.893,33,153,583,113.99,428.126,256.692
7,37,145,96.731,400.869,261.513,9,41,168,124.64,438.82,302.888
3,29,104,68.781,343.76,272.663,3,32,113,93.45,374.698,295.641
125,614,2937,91.265,345.64,241.548,156,718,3501,113.668,403.789,287.911
81,368,1556,98.056,368.303,264.838,110,421,1884,133.551,421.706,320.698
7,46,175,69.232,358.267,211.395,10,50,194,99.676,388.492,233.917
12,54,196,87.93,331.056,214.306,14,62,230,108.867,378.333,251.168
111,563,1994,102.632,390.002,247.83,140,639,2356,128.974,442.677,292.811
64,286,1084,120.002,421.343,271.039,81,321,1313,151.512,474.061,328.068
25,118,445,103.822,347.634,234.659,31,141,542,126.639,414.902,286.175
26,135,410,110.385,421.064,240.026,31,158,501,132.919,493.013,293.339
49,200,879,143.882,470.589,320.246,61,231,1055,179.955,543.179,384.454
35,183,718,94.974,356.218,270.957,43,213,831,116.491,415.407,313.749
11,54,231,109.744,426.996,257.413,13,58,266,127.783,463.145,296.023
37,190,755,78.045,318.04,210.609,44,220,902,93.768,367.489,251.833
40,230,815,78.29,314.01,193.188,55,288,987,108.219,392.473,233.999
91,431,1608,104.282,396.636,251.013,114,497,1923,131.012,457.2,300.221
48,248,791,110.71,430.431,238.93,59,284,948,137.936,492.201,286.483
23,117,454,90.59,354.213,257.531,29,138,568,112.577,419.126,321.607
56,249,1020,113.996,398.416,272.726,68,293,1219,139.692,470.345,325.987
8,40,138,108.39,382.457,222.879,12,51,181,156.008,487.707,291.121
15,78,263,104.481,374.288,240.626,20,91,310,133.786,438.059,283.327
21,85,452,99.518,350.407,274.436,25,97,501,116.951,402.207,304.152
10,48,190,94.652,365.324,217.812,14,57,228,123.807,428.122,261.073
52,288,1270,73.407,334.917,224.706,69,318,1457,96.025,370.72,257.758
18,86,261,105.103,382.563,214.561,22,99,311,131.062,438.541,255.555
129,740,2595,82.977,333.566,207.612,163,852,2959,104.421,384.183,236.729
80,361,1538,109.907,389.707,265.907,99,408,1841,135.932,440.532,318.422
6,36,91,115.58,403.49,233.32,7,44,109,147.138,495.261,279.043
109,523,2045,113.71,432.542,278.235,142,618,2465,148.173,510.338,335.342
36,165,603,121.896,402.934,270.576,43,190,737,144.86,465.428,330.73
28,133,611,95.315,345.722,246.738,43,162,737,145.044,422.054,297.45
118,507,2069,117.816,382.212,254.899,144,596,2484,144.476,449.291,306.017
8,50,162,97.888,396.611,237.67,10,59,187,125.743,464.282,275.174
36,181,774,100.955,392.615,274.741,44,205,905,121.943,445.897,321.258
8,37,116,116.71,404.974,233.625,10,45,143,147.2,499.897,288.244
56,239,1150,112.206,387.548,287.805,69,282,1370,138.09,456.72,342.951
185,913,3365,87.819,337.724,236.037,222,1049,4020,105.207,388.092,281.951
15,81,225,58.642,217.66,154.475,19,90,263,75.149,240.09,180.29
5,26,89,104.387,387.882,212.653,7,31,116,147.428,462.108,277.166
62,290,1112,100.756,353.523,228.205,72,330,1302,117.242,402.61,267.094
50,233,943,93.897,346.738,224.561,67,274,1113,126.593,406.356,264.983
17,82,347,130.085,460.501,283.678,23,94,448,167.881,532.954,366.06
54,260,967,118.115,423.756,268.568,66,286,1130,143.788,465.526,313.78
6,25,88,130.109,416.555,265.556,8,30,115,196.157,514.433,344.766
39,193,803,104.036,381.565,269.786,50,230,991,132.611,454.119,333.293
6,30,97,93.686,382.613,237.75,8,34,118,134.585,446.01,289.141
47,227,885,86.996,330.738,218.494,55,273,1028,101.689,397.977,253.876
28,127,556,120.497,428.257,305.567,35,141,651,149.864,477.364,358.094
222,1281,4292,70.498,295.762,190.17,298,1488,5063,94.674,343.718,224.347
37,192,679,96.879,364.183,215.191,51,230,831,133.007,436.718,263.655
25,133,471,86.717,365.131,206.873,32,151,560,110.102,414.921,245.757
7,37,140,97.389,399.455,249.04,9,43,167,130.664,455.307,296.476
2,26,93,62.978,301.117,240.752,3,30,107,94.81,349.612,276.645
112,588,2790,83.049,326.11,227.583,143,692,3292,106.101,383.564,268.468
74,362,1474,89.465,357.121,247.151,96,414,1742,116.768,407.997,292.043
7,45,161,76.032,340.67,194.618,9,49,177,99.325,372.58,213.168
12,58,215,90.541,350.039,230.668,14,65,249,107.5,397.338,268.177
107,570,1966,100.112,389.675,243.657,133,647,2295,124.494,442.436,284.423
57,278,1069,108.449,409.505,264.92,74,315,1283,139.732,463.143,317.993
24,126,468,101.732,371.293,245.792,30,150,572,124.103,440.754,300.116
25,128,417,107.96,397.146,241.938,30,153,516,131.073,474.586,299.075
42,190,897,124.35,442.204,323.754,57,226,1064,168.247,526.956,383.698
31,189,739,84.119,360.278,271.986,40,215,853,107.152,410.597,313.998
10,53,226,97.198,425.118,250.316,12,60,264,121.254,476.497,292.78
35,190,703,76.107,311.457,194.547,42,218,857,90.391,356.955,237.228
38,263,858,76.304,346.738,201.254,52,314,1017,104.995,414.197,238.527
87,433,1656,103.427,397.92,258.701,109,498,1931,128.832,458.633,301.656
41,236,743,97.231,410.054,222.235,53,273,872,124.938,475.739,260.682
24,121,477,96.571,365.74,268.246,31,143,573,121.04,432.938,321.927
53,247,988,109.796,394.773,260.851,70,296,1233,145.683,471.944,325.472
9,42,151,112.372,394.85,239.136,12,52,189,155.942,492.032,300.291
14,75,264,93.578,360.468,240,18,88,316,122.939,421.391,287.115
20,84,417,94.441,339.221,249.704,26,100,480,119.788,404.035,287.756
11,52,198,102.324,391.81,225.345,13,60,241,125.518,451.628,274.048
53,306,1151,75.893,351.291,203.338,69,334,1391,98.078,383.399,245.778
16,82,270,100.552,361.232,219.504,21,97,315,128.212,426.195,256.211
126,778,2584,82.15,343.786,205.471,165,885,2972,107.34,391.349,236.351
67,360,1572,91.557,379.647,267.336,87,414,1865,120.086,436.951,317.154
5,32,94,104.164,363.828,238.563,7,41,114,134.645,463.861,288.734
103,508,1941,109.279,418.514,262.289,133,601,2351,141.104,495.354,317.636
33,169,633,113.15,411.783,281.008,40,199,790,137.837,485.604,350.703
30,145,621,103.206,375.094,247.755,44,174,741,149.435,450.897,295.646
109,520,2073,111.335,387.177,252.988,136,608,2513,138.438,452.948,306.746
6,45,149,79.283,353.681,219.328,8,53,173,103.014,415.087,254.135
34,177,785,95.164,377.31,273.311,42,208,907,117.751,442.928,315.866
7,36,121,114.266,398.303,241.369,10,45,151,149.371,495.436,301.615
48,246,1163,96.913,394.844,287.081,62,292,1379,124.621,469.764,340.52
173,921,3268,81.707,336.384,225.05,212,1050,3981,100.1,383.627,274.116
14,84,253,53.873,222.921,168.324,17,94,282,67.168,249.434,188.042
4,26,89,87.33,380.207,212.855,6,30,111,126.566,442.816,265.811
58,298,1123,95.587,356.491,227.941,71,347,1332,117.381,415.428,270.255
46,245,962,88.948,356.848,225.644,62,284,1123,118.667,414.602,263.48
17,83,372,131.388,471.331,302.955,22,96,473,168.818,541.979,384.388
48,248,914,105.728,403.418,251.543,58,279,1082,128.833,454.098,297.885
5,24,88,125.984,391.945,260.854,8,30,114,184.096,497.002,335.829
34,191,826,90.082,371.373,276.034,45,228,996,118.858,442.994,332.852
5,32,109,81.975,389.387,262.625,8,37,132,132.65,456.273,318.907
53,220,924,99.163,315.3,224.659,62,264,1067,115.228,377.541,259.555
24,119,524,103.004,392.862,285.775,32,137,625,137.589,453.492,340.759
212,1248,4141,68.269,288.489,181.82,281,1468,4813,90.573,339.314,211.328
33,187,652,87.749,340.123,204.117,47,234,828,123.728,425.745,259.428
25,133,469,87.649,354.743,205.442,31,155,552,108.097,413.405,241.757
6,34,134,93.076,355.864,233.496,8,40,165,125.345,421.693,287.966
2,25,93,65.342,293.344,236.117,3,31,108,90.815,354.942,273.747
106,587,2779,79.489,317.257,224.824,139,695,3244,104.279,375.616,262.442
76,358,1336,92.514,340.997,221.886,95,424,1596,115.226,403.943,265.06
7,43,158,71.648,326.086,190.807,9,48,180,100.392,367.97,217.446
12,62,220,88.538,363.802,234.495,16,71,258,118.548,416.996,274.277
91,556,1939,86.743,380.984,239.498,115,643,2292,109.354,440.457,283.044
49,282,1032,94.102,402.231,254.975,64,332,1219,122.231,473.928,301.179
26,132,478,108.343,375.893,250.402,31,158,581,133.28,450.345,304.533
24,119,405,106.369,358.894,234.041,31,146,525,134.777,441.474,303.327
37,181,848,110.145,405.019,304.977,50,216,998,150.376,484.25,358.806
32,194,720,86.929,367.619,261.305,40,221,838,108.586,418.807,304.053
9,52,218,94.668,406.195,240.92,12,60,254,124.595,470.676,280.984
34,186,711,74.309,302.054,194.688,42,221,877,92.626,359.429,240.08
39,278,836,78.806,362.319,193.286,51,325,979,103.911,423.909,226.453
78,430,1647,94.851,391.695,257.45,98,498,1905,119.14,453.451,297.669
37,236,742,88.896,404.063,219.955,46,274,874,111.794,469.552,259.232
25,131,495,102.206,389.819,277.251,34,158,628,135.413,468.619,351.903
55,255,1044,116.116,396.059,273.415,75,306,1320,158.457,475.775,345.509
9,41,154,121.636,370.465,243.185,12,53,197,163.427,479.501,311.869
13,80,259,91.29,374.204,234.248,17,90,317,121.225,422.016,286.232
16,85,408,73.87,331.651,242.969,21,102,466,99.302,396.239,277.374
11,58,204,106.564,414.217,230.898,14,66,247,136.617,467.724,279.492
53,326,1158,76.603,373.528,203.558,68,369,1417,97.42,422.232,249.118
16,83,270,101.719,361.387,216.895,21,98,324,130.645,429.88,260.343
118,709,2645,77.906,316.995,209.129,151,815,3004,99.776,364.223,237.529
59,378,1552,82.153,382.984,261.532,80,428,1806,110.856,434.198,304.232
5,31,86,102.704,335.294,217.333,6,39,109,131.025,423.635,274.741
104,482,1884,112.206,397.368,253.211,130,578,2281,140.078,476.21,306.511
32,183,650,108.029,435.953,286.216,42,216,832,143.52,515.304,365.989
27,152,590,95.312,377.706,233.57,37,172,705,129.083,428.083,279.155
99,520,2035,102.84,381.83,246.038,125,613,2514,129.423,450.269,303.905
7,46,154,84.572,358.173,225.629,9,54,177,108.461,418.656,258.265
32,182,778,90.169,379.161,267.182,41,214,886,116.179,445.053,304.206
7,36,124,102.865,387.989,244.996,9,45,155,135.859,476.605,306.707
45,257,1149,92.526,396.962,281.516,65,316,1424,132.793,488.996,349.021
170,918,3248,79.951,326.151,220.264,210,1079,3897,99.051,383.53,264.286
15,89,239,58.648,235.067,156.347,19,95,251,72.845,251,163.951
4,27,88,93.419,378.949,210.951,6,32,108,125.23,434.223,258.376
51,304,1111,85.973,351.106,223.161,65,369,1335,108.985,426.354,268.203
41,266,950,79.527,375.618,219.71,58,313,1122,112.445,443.058,259.371
15,81,397,118.48,438.588,323.419,23,95,502,173.488,517.319,408.944
42,241,827,94.265,379.521,226.986,52,286,984,118.546,450.92,270.178
6,25,84,134.674,396.157,246.611,7,31,112,174.397,495.179,327.279
34,195,815,87.872,364.797,267.157,43,232,990,110.05,433.35,324.356
5,31,119,88.371,405.328,279.66,7,37,140,122.531,472.962,329.588
47,228,960,86.891,325.84,239.249,56,263,1080,104.222,375.392,268.96
22,120,505,93.78,380.127,272.787,30,142,610,127.994,448.1,329.539
207,1214,3667,64.748,277.171,157.252,245,1411,4391,76.829,322.235,188.273
35,196,715,89.41,357.086,222.59,46,237,868,117.438,432.315,270.081
24,125,495,81.466,344.268,210.483,31,144,592,106.04,395.674,251.844
6,35,140,83.207,346.65,239.574,8,40,171,110.183,399.457,292.937
2,28,94,61.829,283.58,234.353,2,34,107,77.904,343.769,266.826
91,605,2773,66.06,312.623,218.214,120,712,3306,86.616,368.249,260.112
71,336,1229,86.626,314.706,204.842,93,393,1590,113.371,368.449,265.111
7,41,168,71.37,309.345,191.225,10,47,181,97.845,348.549,206.176
12,57,221,90.181,328.225,231.427,15,67,258,110.744,386.931,269.977
79,500,1757,73.528,358.596,215.175,103,584,2150,96.357,419.268,263.247
46,266,1028,84.621,366.755,251.95,56,322,1202,104.396,443.538,294.528
26,127,452,106.038,367.563,232.465,31,155,522,128.889,448.656,268.336
21,117,433,90.552,365.882,245.806,28,149,524,118.86,466.577,297.346
40,194,867,117.61,424.714,310.745,50,232,1035,145.759,507.652,370.934
34,187,780,91.563,355.349,277.534,40,217,914,108.429,412.348,325.006
8,49,229,85.333,377.681,250.481,11,59,256,109.683,458.998,280.117
27,187,723,57.869,300.872,193.151,36,224,860,77.921,359.238,229.859
41,246,757,83.222,321.551,175.214,57,288,914,114.27,377.047,211.597
71,426,1667,86.184,390.915,261.933,91,498,1939,110.471,457.062,304.646
38,226,722,88.851,395.173,211.075,44,259,861,103.99,453.375,251.847
24,128,492,94.57,384.092,270.424,32,153,646,128.556,458.465,355.222
54,250,1030,113.167,382.522,269.33,70,307,1278,145.561,469.626,334.355
9,40,149,117.939,376.723,228.751,12,52,195,165.308,494.532,299.167
13,73,263,85.488,355.455,230.06,16,86,313,111.568,420.716,273.61
17,99,397,75.402,354.221,229.018,21,111,471,94.45,396.907,271.704
11,52,187,108.815,380.064,211.472,15,64,227,140.776,464.218,256.824
60,305,1326,83.451,351.54,229.203,77,349,1539,106.849,402.971,266.064
15,81,266,90.121,360.718,205.461,20,98,308,116.238,434.124,237.878
101,667,2676,67.601,298.235,211.514,133,777,3053,88.726,347.377,241.336
65,368,1461,86.016,364.89,239.391,82,425,1753,108.715,421.88,287.354
4,31,90,91.402,351.226,213.647,6,39,107,118.489,441.605,252.749
92,469,1971,97.547,382.58,265.043,118,573,2329,125.595,466.55,313.181
29,171,699,95.253,406.137,299.085,41,205,830,134.874,487.75,355.166
23,145,546,78.033,355.107,214.512,30,170,651,101.517,415.746,255.757
93,513,2020,94.929,365.439,241.616,119,613,2435,121.441,437.322,291.298
7,47,161,84.916,353.265,235.607,8,56,186,105.977,422.554,272.613
34,190,814,94.929,372.328,274.528,42,218,955,117.931,426.879,321.914
6,34,122,97.263,371.878,239.143,9,43,152,138.021,474.402,298.623
45,257,1119,90.373,380.233,272.145,64,322,1450,126.918,477.151,352.717
150,909,3282,66.743,316.461,216.095,198,1063,3907,88.411,370.28,257.24
16,85,205,60.879,233.242,133.56,18,88,237,66.954,244.004,154.984
5,26,90,102.242,359.587,214.387,6,33,108,138.601,460.105,257.52
41,278,1011,66.258,317.668,197.533,57,337,1288,92.179,385.478,251.694
48,269,958,91.012,368.569,219.046,59,323,1146,111.338,442.428,262.008
16,79,386,118.223,421.514,307.972,22,96,486,166.71,509.196,387.944
38,212,789,83.407,343.848,214.406,46,266,951,101.384,430.551,258.524
5,24,85,111.032,380.469,236.807,6,30,108,141.504,480.84,300.288
32,196,804,82.184,365.729,261.683,41,235,1010,107.653,437.098,328.727
5,31,112,75.695,381.266,258.816,6,37,137,103.003,465.602,317.151
35,231,913,64.38,325.964,223.93,43,265,1076,79.307,373.594,263.86
20,111,482,87.091,348.458,258.686,27,135,601,116.756,426.692,322.513
171,1194,3741,54.277,269.758,158.142,207,1377,4479,65.641,310.993,189.302
31,192,743,78.705,345.224,227.056,42,240,922,106.26,431.041,281.899
18,123,473,63.395,332.211,200.109,25,139,583,84.427,377.003,246.445
5,37,139,76.806,360.465,234.712,7,41,166,100.736,401.579,280.558
1,27,86,47.304,284.651,210.042,2,32,102,61.058,335.767,248.558
77,570,2758,55.543,290.897,213.492,100,683,3213,72.414,348.743,248.745
67,335,1279,81.188,308.577,210.578,85,394,1640,102.713,362.777,270.025
6,40,157,62.527,288.298,176.777,8,47,173,85.68,337.854,195.023
11,51,213,78.381,295.501,220.149,13,61,258,92.477,352.997,266.009
69,477,1832,65.371,342.457,222.963,90,557,2169,84.638,399.352,264.063
46,268,1126,85.968,366.629,274.109,59,326,1382,109.324,446.59,336.5
21,121,429,87.69,350.709,219.064,25,147,506,105.676,425.306,258.821
18,109,424,77.2,339.312,239.218,25,141,524,104.637,437.987,295.814
39,208,921,116.043,452.157,328.476,49,249,1086,144.989,540.731,387.61
30,187,810,80.444,357.119,284.954,37,217,977,99.63,413.246,343.869
8,48,228,84.12,367.966,247.777,10,57,259,100.917,440.435,281.754
26,190,715,56.946,302.607,188.736,35,228,878,75.33,362.92,231.708
36,218,791,73.776,283.283,181.043,54,263,1024,109.233,342.166,234.317
66,405,1680,81.419,369.122,262.873,88,487,1981,107.721,443.018,309.914
38,212,729,88.747,371.332,210.962,45,251,899,105.591,440.415,260.071
22,130,555,88.83,388.045,302.993,32,156,670,128.571,464.592,366.022
45,235,994,93.73,359.647,258.372,58,291,1232,122.839,443.919,320.163
8,43,154,110.461,400.991,234.709,11,53,195,154.722,496.819,296.814
11,67,255,76.218,325.072,220.986,14,83,301,98.398,401.484,261.303
15,100,415,70.044,353.627,235.868,20,112,478,91.046,395.966,272.032
9,49,172,86.869,350.2,193.716,11,60,225,109.26,428.602,252.592
48,287,1144,67.35,327.81,196.42,62,323,1345,87.146,368.082,230.764
14,79,283,85.447,350.677,217.498,19,97,327,113.115,429.796,250.664
85,692,2601,57.577,308.618,203.798,117,797,3060,79.541,355.343,239.825
56,349,1481,73.541,340.636,239.796,71,405,1755,93.369,395.465,284.125
4,33,105,89.213,360.332,242.923,6,41,123,113.005,452.024,286.17
80,465,2076,86.226,378.03,278.052,108,568,2424,115.669,461.789,324.642
26,163,739,83.897,384.63,313.387,38,198,848,123.346,468.287,359.398
20,132,549,68.439,321.84,212.983,26,160,677,89.134,390.392,262.887
85,500,2029,88.285,355.845,241.373,110,608,2515,113.969,432.307,299.195
6,44,144,77.173,333.298,210.476,8,54,190,99.749,404.949,276.988
34,193,861,93.985,375.65,286.468,44,225,1019,121.793,438.643,338.998
6,36,130,93.028,390.071,252.386,8,44,162,124.024,482.302,312.912
44,238,1171,87.009,348.367,282.25,58,294,1398,114.729,429.93,336.828
135,905,3181,59.601,309.975,205.446,183,1043,3826,80.895,357.214,247.106
15,84,253,56.351,231.98,161.766,17,91,308,62.388,251.006,197.049
4,26,89,94.612,357,211.231,6,35,113,134.53,475.587,267.32
39,269,1018,62.69,303.562,196.293,54,337,1295,86.848,380.512,249.554
41,243,882,77.283,329.781,198.771,50,291,1065,94.034,395.792,239.975
15,79,375,111.845,418.709,299.294,20,97,469,151.66,513.797,374.045
37,200,799,81.674,324.538,215.416,44,247,1003,96.307,399.91,270.465
4,24,91,99.508,375.794,249.705,6,31,116,134.391,488.426,318.652
24,181,840,62.492,337.433,271.374,34,226,1006,88.27,421.76,324.993
4,28,100,64.39,335.83,229.147,6,35,133,101.292,419.156,306.958
30,215,827,54.587,298.191,199.562,38,254,985,71.147,352.909,237.877
18,108,525,75.62,340.197,280.243,25,134,649,106.327,421.877,346.278
134,1152,3861,43.055,258.33,160.83,177,1301,4538,56.639,291.889,189.039
25,193,695,62.923,341.076,208.697,35,247,913,87.792,437.141,274.089
14,109,422,48.741,288.787,177.806,20,128,513,69.071,340.895,216.125
5,35,139,68.531,340.958,232.21,6,41,171,89.432,397.141,284.634
1,30,98,46.24,314.01,230.896,2,34,116,64.235,355.205,272.761
69,553,2708,49.498,280.369,206.218,101,680,3141,72.721,344.595,239.158
50,331,1370,60.477,300.912,222.526,69,404,1695,83.175,367.411,275.291
5,37,152,53.976,265.941,169.615,8,44,177,79.109,316.705,197.791
10,52,214,67.571,302.224,217.26,11,61,251,80.439,352.805,255.795
62,462,1902,58.868,331.289,230.377,79,541,2176,75.071,387.597,263.505
42,265,1085,77.226,361.295,262.486,56,331,1361,103.237,450.013,329.179
18,124,451,72.47,354.008,228.972,23,151,529,93.306,432.263,269.018
15,102,421,62.871,315.288,236.329,21,135,504,88.116,416.819,283.331
32,189,877,95.014,405.85,311.474,41,227,1009,120.128,489.384,358.468
30,180,753,80.975,344.143,262.234,40,210,927,107.494,402.194,323.128
7,43,215,72.312,334.299,233.243,9,55,247,90.191,423.635,267.524
23,177,699,50.465,279.629,182.051,30,222,835,66.358,351.342,217.558
27,214,804,55.696,276.011,181.97,39,264,998,78.875,340.317,225.705
58,379,1670,71.364,342.722,260.18,78,458,1932,96.541,413.521,300.977
30,203,732,70.418,354.666,209.354,38,248,916,88.56,433.281,262.295
20,132,590,81.063,392.857,320.565,30,159,700,122.683,471.339,380.651
41,252,1117,86.293,384.198,288.732,54,296,1325,114.1,452.25,342.392
6,40,162,79.32,364.663,244.045,9,51,203,119.574,468.949,306.306
10,63,260,67.851,304.644,223.846,14,84,303,91.662,406.061,260.168
13,94,447,60.457,329.967,249.717,18,108,501,83.046,379.613,280.334
7,47,173,70.61,335.301,193.871,10,59,222,94.465,419.157,247.821
36,252,990,51.152,284.35,168.643,48,293,1181,67.497,331.339,201.178
12,80,296,73.596,351.769,226.331,17,96,354,101.136,422.466,270.752
74,651,2577,50.982,290.165,200.161,105,771,3092,72.098,343.555,240.117
47,332,1475,61.815,319.119,235.883,61,395,1719,79.715,379.424,274.879
4,34,109,81.026,349.141,247.863,6,45,130,111.381,464.788,296.145
68,434,2054,73.496,350.83,274.017,94,540,2411,101.58,437.317,321.667
20,161,729,65.661,377.969,306.257,30,200,864,98.526,468.725,362.664
18,121,561,62.286,292.834,215.044,25,149,717,87.309,362.7,275
72,501,2024,76.139,358.298,239.553,102,608,2499,106.842,435.057,295.725
5,40,140,61.651,303.255,203.005,7,50,185,85.177,377.821,268.699
26,185,811,73.314,356.795,266.198,36,221,944,99.061,425.007,309.914
5,34,138,79.529,365.046,263.858,6,42,162,98.242,452.062,309.468
39,228,1093,76.225,329.002,260.96,52,280,1344,103.47,403.466,320.966
119,881,3196,51.742,297.034,202.591,161,1030,3854,70.24,347.372,244.275
15,87,291,53.967,235.96,182.429,16,95,345,59.499,259.383,216.224
4,26,87,81.122,351.266,204.732,5,33,110,111.373,450.701,258.623
38,284,1209,61.337,317.753,229.955,53,348,1469,85.857,389.848,279.497
35,226,882,66.395,306.774,196.026,44,278,1081,83.266,376.639,240.176
12,73,396,89.36,381.846,315.821,17,93,485,128.362,488.526,386.64
33,192,840,73.933,311.348,225.096,43,239,1063,95.918,386.886,284.744
4,24,93,93.682,370.63,251.721,5,31,120,119.711,486.124,325.567
22,184,839,56.585,343.214,269.293,32,232,1011,84.293,433.698,324.319
4,28,95,61.52,340.433,218.761,6,34,129,107.27,411.147,295.898
27,203,800,49.466,276.435,189.589,37,240,940,68.12,327.444,222.762
17,109,570,71.285,340.975,302.537,26,139,703,108.875,435.725,373.089
113,1073,3696,36.585,240.124,151.351,154,1235,4493,49.979,276.361,183.998
25,187,655,60.384,324.49,192.704,37,235,856,89.423,408.527,251.896
13,113,391,44.362,294.962,163.958,20,136,490,68.26,356.076,205.616
4,35,146,58.002,348.259,238.823,6,41,175,81.462,406.689,287.552
1,26,100,41.475,274.112,228.994,2,31,119,62.835,329.786,273.214
61,534,2869,44.16,269.673,214.344,92,653,3318,66.224,329.617,247.847
36,302,1352,42.716,272.156,216.598,58,398,1647,69.398,359.364,263.904
4,37,154,45.117,262.977,169.672,6,43,185,66.547,309.075,204.771
9,49,212,60.28,284.41,212.136,12,61,252,82.653,353.339,252.486
51,441,1866,49.628,316.313,224.885,69,513,2136,66.581,367.971,257.403
36,257,1059,65.891,346.687,254.198,49,320,1252,89.982,432.56,300.546
16,116,454,64.845,328.686,229.452,23,144,542,94.127,407.475,273.813
13,97,408,55.957,296.322,228.511,21,134,489,88.473,411.878,273.717
28,175,846,81.103,371.725,298.867,37,214,990,108.747,454.804,349.703
26,178,735,71.26,342.347,253.425,36,212,876,97.07,407.9,302.014
6,39,209,62.594,308.721,224.691,8,52,241,88.883,406.676,259.2
19,164,724,41.75,260.778,186.505,27,206,853,59.671,326.59,219.726
23,215,763,46.248,275.175,170.801,32,269,931,65.968,344.332,208.309
45,355,1627,56.796,318.356,252.306,65,440,1881,81.741,394.505,291.752
23,178,737,55.046,311.426,208.653,32,228,937,75.319,398.032,265.397
17,123,529,67.862,362.678,286.093,25,149,647,103.444,440.952,349.821
38,256,1117,80.779,389.626,286.896,50,304,1311,105.608,463.312,336.708
5,34,146,63.457,307.882,218.666,7,46,191,94.406,418.783,284.801
9,65,276,63.026,307.926,235.255,13,88,327,90.364,418.355,279.426
12,87,439,53.436,304.035,240.24,17,100,502,76.076,347.839,274.91
7,46,170,65.915,327.855,188.559,9,59,210,89.927,418.784,232.786
34,230,1073,47.961,257.715,181.562,50,280,1283,71.682,313.772,217.23
9,78,289,56.927,341.121,219.808,13,91,346,78.642,397.724,263.051
63,588,2642,43.405,262.497,203.409,85,698,3118,59.012,311.781,240.036
43,304,1408,55.402,288.339,222.096,57,377,1653,73.282,357.301,260.805
4,35,109,74.981,343.505,242.323,5,45,130,103.805,450.65,290.325
59,413,2041,64.334,334.233,270.885,86,525,2408,93.737,424.614,319.624
23,159,686,73.37,369.415,285.387,34,200,835,109.986,466.629,347.121
18,117,525,61.222,282.935,198.699,25,146,680,86.596,353.764,257.568
62,452,1923,65.872,327.185,226.375,86,558,2313,91.437,403.676,272.32
4,37,141,47.215,280.15,202.929,5,46,166,67.958,353.668,239.785
19,169,770,52.835,323.047,248.602,28,205,914,76.79,391.884,295.288
5,30,123,72.993,324.486,231.852,7,39,149,100.227,414.202,281.859
33,229,978,65.022,327.279,231.354,50,294,1254,98.631,419.293,296.774
100,862,3383,42.939,286.349,209.843,137,1024,3931,58.787,340.221,243.855
13,78,264,45.955,208.009,162.546,15,88,301,52.463,235.983,185.156
3,24,88,70.27,325.066,207.535,4,30,106,93.174,411.364,249.656
31,273,1240,49.884,304.092,233.075,48,336,1499,77.381,374.476,281.818
30,207,923,55.696,279.28,202.113,41,256,1113,77.019,345.527,243.666
11,77,393,80.986,403.558,313.918,16,96,472,124.566,506.251,377.092
32,195,849,70.878,313.372,226.301,42,243,1051,92.957,391.153,280.128
4,21,93,86.425,335.402,249.372,5,28,118,108.671,441.672,317.921
20,180,781,53.381,339.95,248.888,30,224,979,77.816,422.686,312.065
4,29,110,60.157,353.752,250.907,6,35,142,98.73,426.085,322.989
23,188,866,41.476,253.254,201.008,34,232,995,61.769,312.252,230.886
15,103,563,63.532,322.822,297.277,23,132,679,96.738,415.037,358.269
94,976,3730,30.874,219.032,150.002,131,1152,4526,42.95,258.395,182.006
20,174,688,48.413,296.467,198.032,29,214,873,70.236,363.872,251.236
13,117,407,45.009,303.937,170.269,18,138,513,63.95,357.069,214.745
3,31,143,48.467,314.796,229.538,5,37,166,67.745,372.006,267.631
1,22,90,30.188,238.599,202.1,2,29,111,50.089,307.538,248.835
50,470,2707,35.58,236.595,197.547,72,590,3206,51.683,297.492,233.955
32,297,1363,37.559,266.133,214.963,52,393,1716,61.035,352.141,270.651
3,34,154,31.294,239.805,167.918,5,40,177,50.89,282.218,193.068
7,42,188,50.436,239.91,184.472,10,55,229,71.535,316.633,225.001
45,400,1751,43.968,287.961,210.236,61,476,2034,59.288,342.719,244.282
36,261,1121,67.39,351.32,267.486,49,317,1322,90.462,426.455,315.539
15,103,434,59.911,287.536,217.931,22,133,543,91.153,372.467,273.023
11,81,355,47.684,247.453,197.476,18,114,451,77.492,346.025,251.411
26,176,851,77.673,372.283,298.889,35,211,1015,104.048,445.815,356.562
21,173,813,58.165,336.042,277.791,29,205,949,79.214,399.291,324.139
6,37,195,61.204,295.317,209.514,8,48,226,84.307,382.577,241.81
18,161,775,39.288,257.071,197.601,28,213,950,60.505,339.822,242.121
20,204,741,41.13,259.091,164.041,29,253,921,59.755,320.609,203.84
41,321,1508,51.667,288.295,232.735,60,422,1798,75.674,378.62,277.427
20,153,716,46.926,268.054,200.915,28,203,921,66.849,355.518,258.576
14,105,500,55.886,311.992,268.825,22,130,624,89.174,386.248,335.574
33,234,999,69.483,356.662,254.947,44,290,1220,92.765,442.177,311.356
5,32,133,62.887,287.814,196.132,7,45,183,94.976,407.026,271.357
8,59,272,51.03,279.2,230.442,11,80,330,74.709,376.885,279.699
10,79,417,43.961,275.057,222.872,15,94,480,69.409,327.173,256.535
6,43,177,59.182,304.653,194.945,8,56,221,84.044,395.757,244.178
25,221,1012,35.147,247.073,170.221,37,277,1249,53.265,309.476,210.029
7,68,274,41.101,300.946,206.805,10,81,324,62.592,354.704,244.64
59,562,2653,41.316,252.388,202.646,81,657,3142,57.048,294.664,240.011
34,312,1404,43.466,293.721,218.471,46,380,1701,59.645,357.735,264.565
4,32,111,73.146,312.69,241.709,5,44,137,98.313,423.769,299.801
55,414,1986,59.799,337.15,262.237,72,523,2342,78.599,425.396,309.258
19,147,643,61.788,340.308,264.783,32,184,802,102.236,427.086,330.55
15,112,483,52.517,269.944,179.875,20,142,602,70.099,341.597,224.112
47,404,1885,50.283,295.759,220.681,68,512,2296,72.357,375.396,268.878
3,35,135,43.763,273.144,192.715,4,45,163,58.551,345.84,232.852
17,177,752,46.926,340.503,238.339,26,211,914,71.113,405.577,289.771
4,31,119,66.289,326.88,222.307,6,39,150,91.985,415.507,279.993
27,213,1007,53.187,303.302,235.679,40,279,1252,78.505,397.49,293.13
92,805,3298,39.073,263.356,199.852,136,952,3982,57.387,311.44,241.336
10,64,239,33.364,169.883,144.267,11,74,273,37.042,196.262,164.898
3,25,92,61.974,335.501,215.787,4,31,114,81.34,423.842,267.833
24,252,1111,39.203,281.212,206.531,38,308,1381,60.57,343.708,256.82
22,177,839,41.018,237.332,180.43,34,231,1045,63.21,310.013,224.63
11,76,380,82.868,401.04,304.13,16,96,475,125.5,508.384,379.313
26,182,789,59.036,291.342,209.293,36,226,967,79.622,361.438,256.406
3,20,93,77.649,312.356,249.972,5,27,118,105.881,421.045,315.272
18,144,758,48.292,275.115,239.802,29,190,951,76.493,362.565,300.868
4,24,107,72.025,304.625,241.928,6,30,137,96.831,379.481,307.797
16,178,830,29.416,238.109,188.694,24,225,981,43.51,301.91,222.896
13,95,530,53.021,298.995,277.883,18,117,639,74.035,366.4,334.988
81,850,3736,26.552,193.156,148.353,119,1017,4405,39.101,231.028,174.895
14,153,599,34.394,256.163,168.588,20,196,751,46.358,328.346,211.56
10,106,432,35.394,274.309,180.964,15,131,533,54.01,338.524,223.346
2,23,127,32.198,235.334,200.656,3,29,148,46.847,298.613,233.744
1,20,85,20.486,217.204,187.865,1,26,102,43.473,282.797,224.573
41,401,2450,29.252,203.587,174.62,62,520,3000,44.438,263.748,213.868
32,280,1347,37.265,251.465,209.069,50,351,1682,58.163,315.62,261.012
3,31,138,29.758,228.622,149.166,4,35,173,40.449,257.261,187.164
7,43,184,44.867,246.562,177.134,8,55,223,57.032,312.314,214.997
40,363,1606,39.307,264.58,192.764,61,433,1945,60.395,315.319,233.473
30,210,1013,56.049,283.22,240.594,42,278,1259,77.292,373.545,298.909
11,107,443,46.048,296.568,221.393,16,136,570,65.406,379.422,284.8
9,78,359,39.098,237.511,199.03,14,106,464,58.605,322.24,257.148
22,168,849,65.092,357.431,296.273,33,205,1023,96.075,434.255,357.08
21,150,818,56.508,298.238,276.7,29,180,961,79.404,357.36,325.173
6,36,189,62.917,285.167,201.52,8,44,227,83.231,351.706,242.552
16,149,729,34.589,240.548,184.424,25,197,884,55.709,319.506,223.792
15,188,772,30.049,237.555,169.468,23,246,925,47.857,310.252,202.986
36,298,1522,45.768,268.63,233.721,52,377,1820,66.348,340.038,279.572
18,146,690,41.943,254.654,192.119,24,194,865,56.295,338.185,241.1
12,93,484,50.809,282.341,258.764,20,116,615,81.127,350.118,328.817
28,200,936,60.594,306.104,237.37,40,254,1200,84.529,389.099,304.581
5,31,146,70.773,277.007,213.612,8,43,200,101.302,388.974,292.173
6,56,267,39.33,262.818,225.153,8,72,329,52.007,338.941,276.89
8,66,406,34.29,230.253,211.724,12,82,476,55.065,285.572,248.1
5,39,176,50.367,274.574,193.482,7,51,222,69.702,360.203,243.065
20,224,950,29.02,250.537,159.324,32,270,1152,46.377,302.661,193.072
5,64,279,29.47,288.043,210.066,8,77,345,48.145,345.022,259.329
44,488,2498,31.402,222.225,189.993,69,621,3005,48.913,282.597,228.478
29,299,1455,37.429,284.049,222.692,46,377,1752,58.872,357.89,268.208
3,27,105,59.605,266.366,226.242,4,39,136,75.114,383.674,293.297
45,378,1893,49.31,309.795,248.93,63,477,2343,69.403,390.705,308.077
15,123,647,47.806,287.386,264.366,23,152,813,73.122,354.977,331.881
13,114,501,43.313,273.369,182.877,18,144,623,61.78,344.115,227.333
36,377,1915,39.052,280.567,223.376,59,486,2378,63.557,361.733,277.441
3,32,139,36.919,249.164,197.927,5,43,171,61.657,336.152,243.387
18,155,753,49.139,301.333,234.009,27,201,920,73.677,389.747,285.679
5,29,130,71.731,316.669,241.362,5,37,161,83.183,395.843,298.046
26,205,1140,50.713,293.165,263.635,38,255,1389,74.751,363.972,321.344
70,736,3347,29.023,238.648,198.71,106,890,4162,44.247,288.599,247.093
8,72,239,28.484,186.263,140.928,10,82,275,33.568,213,162.178
3,27,92,62.316,356.264,216.185,4,33,116,85.896,439.029,271.591
24,237,1094,37.702,267.248,201.549,35,287,1331,56.299,322.95,245.185
19,172,766,36.086,230.803,161.199,29,222,953,53.792,297.884,200.494
10,66,389,78.42,357.963,311.439,16,82,499,123.782,443.288,400.093
19,152,825,43.284,243.401,217.858,28,202,1007,62.072,321.776,265.83
3,18,84,58.849,293.553,223.409,4,25,109,80.886,402.128,291.119
18,132,805,47.966,255.984,253.226,30,182,1014,78.957,352.822,319.087
4,21,91,59.759,275.728,201.054,5,26,125,86.86,347.734,276.653
13,164,803,23.348,219.176,178.765,20,209,998,36.046,279.87,222.217
12,87,512,48.571,273.776,266.367,18,107,635,75.174,339.021,330.132
63,737,3584,20.833,170.416,140.573,105,889,4339,34.507,205.616,170.224
14,151,571,32.224,255.144,157.228,20,190,727,46.646,320.308,200.306
7,92,416,24.875,237.063,173.825,11,123,516,41.324,316.775,215.187
2,21,126,25.583,216.92,195.649,3,26,146,40.169,277.387,227.974
1,20,89,17.785,224.151,191.175,1,26,111,37.051,287.693,238.631
39,374,2543,27.595,190.764,177.171,65,500,3066,46.207,255.068,213.607
30,258,1324,34.32,232.922,201.98,47,337,1668,54.548,304.583,254.512
3,29,126,26.269,229.506,134.535,3,32,163,34.122,251.449,174.022
7,48,199,43.541,271.464,187.153,9,58,247,59.904,329.633,232.876
31,319,1598,31.26,235.665,191.319,52,394,1958,52.082,290.878,234.455
25,180,975,45.527,242.574,230.006,35,247,1198,64.312,332.856,282.568
9,103,436,37.036,285.806,217.123,12,134,543,50.11,372.167,270.519
8,78,382,34.304,238.957,210.638,13,103,472,53.736,317.338,260.452
20,147,817,58.81,314.618,283.302,33,190,1022,96.083,406.412,354.525
16,133,768,43.632,271.117,257.938,25,170,963,68.962,345.218,323.441
6,34,193,61.723,276.026,205.043,7,44,229,79.048,352.071,243.024
12,121,659,26.777,197.864,165.565,20,159,784,44.526,260.957,196.933
13,167,793,26.558,211.229,172.498,21,231,964,43.132,291.623,209.65
28,259,1536,36.839,235.582,234.235,43,334,1830,55.181,303.198,279.129
16,149,680,38.181,259.035,187.601,23,198,834,52.437,344.382,230.112
11,86,503,47.072,264.29,267.855,19,110,638,76.178,338.1,339.545
24,155,904,51.959,240.644,227.94,34,202,1139,72.684,313.264,287.149
4,31,144,60.283,284.455,208.336,6,42,190,83.293,381.988,273.644
6,56,264,36.762,262.479,220.545,8,77,328,49.62,359.029,273.988
6,64,414,27.828,223.316,210.573,10,79,508,46.11,277.482,258.422
5,36,164,48.663,255.497,178.01,6,48,206,63.767,335.276,224.309
17,214,1033,25.036,239.965,172.126,29,266,1281,41.359,298.86,213.39
5,56,286,27.423,253.338,213.426,8,69,355,47.597,314.248,265.553
34,416,2265,24.084,193.038,171.037,52,562,2685,37.245,260.877,202.738
27,268,1410,34.483,255.503,211.934,46,355,1702,58.844,339.048,255.815
3,25,97,52.223,254.886,208.235,4,34,126,69.862,352.651,270.712
42,340,1851,47.053,280.363,242.197,62,444,2300,68.453,365.98,300.93
14,113,608,43.574,266.286,246.577,20,144,760,61.873,339.163,308.305
11,111,532,37.376,265.941,190.638,16,135,658,54.997,323.063,235.739
34,336,1859,37.132,253.171,216.137,54,460,2360,58.801,346.019,274.329
2,27,131,29.744,211.517,185.643,4,36,163,49.008,282.238,230.576
16,128,766,44.211,251.481,233.058,25,175,923,67.277,342.532,280.878
4,27,127,64.792,293.389,234.042,6,36,163,83.586,390.91,299.442
24,191,1092,47.244,275.599,249.089,36,250,1383,71.108,360.546,315.613
59,691,3414,24.064,223.763,198.691,91,841,4189,37.473,272.409,243.776
8,70,247,26.63,177.817,141.956,11,80,280,36.121,203.494,160.999
2,25,84,57.548,333.809,197.73,3,32,109,75.013,427.64,256.184
21,209,960,33.641,237.826,175.007,32,265,1191,50.613,302.255,217.145
18,163,831,34.036,219.648,171.055,29,208,1022,54.592,280.704,210.282
8,61,395,64.246,335.128,318.059,12,79,497,94.532,438.186,399.684
17,147,823,38.544,234.606,216.149,25,202,1003,55.133,323.22,263.629
2,17,76,44.847,292.806,202.908,3,23,103,66.249,385.921,275.406
18,131,838,49.056,255.973,261.776,27,172,1017,73.403,337.879,317.542
3,16,82,43.197,222.129,180.906,4,22,115,74.483,298.257,253.39
12,153,841,22.211,203.35,182.819,18,194,1026,32.9,257.333,223.144
12,78,513,50.209,247.859,264.761,18,102,644,75.321,325.199,332.619
47,617,3326,15.428,145.171,129.055,83,797,4116,27.279,187.553,159.735
16,141,652,36.138,239.99,175.692,21,175,816,48.648,298.282,220.1
5,76,380,18.294,196.706,158.119,9,106,489,34.482,273.3,203.393
2,19,133,28.146,206.531,204.687,3,26,163,49.352,273.956,250.207
1,19,93,24.29,214.785,196.612,1,23,109,46.426,268.166,229.824
41,331,2576,28.459,168.73,175.771,65,463,3105,45.535,236.072,211.844
24,224,1286,27.212,202.787,193.078,38,321,1650,43.564,290.278,247.76
2,25,125,21.805,197.69,133.217,3,28,156,27.611,222.497,166.534
6,42,197,37.546,229.883,181.071,8,51,250,50.208,281.955,229.466
23,257,1506,22.735,192.984,179.716,38,331,1831,38.632,248.289,218.532
19,184,1020,34.671,249.619,238.414,26,233,1240,48.512,316.056,290.029
8,84,437,34.065,233.665,216.119,11,115,543,44.521,321.662,268.917
7,68,378,28.417,209.581,208.037,10,93,483,43.211,289.634,265.349
20,129,809,57.986,277.43,278.645,31,163,996,91.248,350.567,343.116
13,120,719,34.697,250.737,240.575,21,161,940,57.622,336.058,314.443
5,33,187,51.999,266.839,196.65,6,42,218,65.137,343.227,229.666
11,100,642,24.214,166.4,160.204,19,147,787,42.622,245.073,196.387
14,148,781,29.077,186.971,167.964,24,199,946,50.69,250.547,203.535
23,229,1400,30.166,209.337,211.757,38,314,1705,50.027,287.387,257.87
14,146,639,32.733,255.005,174.234,21,182,812,47.339,318.288,221.464
11,82,519,45.07,255.773,275.101,18,107,646,74.036,331.842,342.266
20,137,915,43.664,214.739,228.831,28,175,1098,61.042,274.887,274.733
4,34,134,51.232,310.356,191.346,5,45,178,70.971,408.39,252.652
4,50,244,28.358,235.896,202.584,6,71,307,38.861,334.838,254.181
6,62,436,27.882,219.502,217.107,10,80,537,42.16,280.558,267.169
4,34,144,38.419,242.584,154.233,5,46,192,54.933,321.097,205.249
15,185,963,21.682,210.556,160.279,25,249,1167,35.885,283.168,194.215
5,53,287,30.246,244.009,212.032,9,67,348,54.674,304.845,257.641
29,379,2042,21.294,180.957,153.994,49,525,2432,35.3,250.641,183.365
25,251,1400,31.021,236.788,207.022,42,334,1724,53.058,315.591,254.926
2,24,99,45.58,254.91,210.063,3,31,128,62.383,332.281,273.286
40,305,1760,44.348,252.367,228.659,57,419,2144,63.91,346.548,278.611
14,122,602,42.736,290.345,242.641,17,151,754,53.999,359.787,303.98
10,98,479,32.532,236.583,168.737,14,125,608,46.037,299.724,214.134
29,299,1770,31.708,227.856,204.847,45,416,2228,48.861,316.655,257.813
2,26,124,25.547,207.637,173.77,3,34,147,37.936,268.389,206.88
18,125,771,49.15,246.52,230.45,27,158,940,71.938,311.614,280.934
3,22,113,48.845,242.217,205.182,5,33,151,71.701,357.091,274.164
22,174,1009,43.396,251.856,227.11,33,247,1316,65.229,357.772,296.217
55,609,3309,22.437,196.581,188.605,85,773,4059,34.309,249.371,231.352
6,54,245,19.786,135.105,137.391,9,66,295,30.848,165.11,165.684
2,22,80,54.871,293.175,187.509,3,28,101,72.662,371.633,235.969
18,202,873,27.847,231.3,157.513,28,270,1121,43.917,309.191,202.19
19,144,935,35.65,195.498,188.117,31,184,1135,56.573,249.518,228.374
7,57,363,58.204,321.678,293.087,10,77,452,80.567,432.256,364.81
14,145,756,30.946,233.109,197.289,20,190,934,45.514,305.312,243.669
2,17,76,47.195,300.664,202.776,3,22,104,67.705,385.035,277.934
13,111,808,35.775,219.098,250.5,20,155,1012,53.078,306.354,313.648
2,14,86,38.547,195.473,188.563,4,18,113,65.626,258.003,248.32
10,134,801,18.109,174.943,169.812,16,164,958,29.289,214.94,203.073
8,70,485,35.561,224.233,248.884,13,96,619,54.73,308.876,317.618
37,553,3196,12.313,132.396,123.298,77,711,3880,25.569,170.364,149.708
13,114,658,30.117,192.773,173.837,18,155,819,41.461,262.379,216.631
4,61,361,15.343,158.213,149.803,8,92,474,30.423,240.803,196.648
1,17,126,19.325,178.355,190.347,3,24,159,40.36,255.859,241.247
1,14,82,16.992,166.03,171.937,1,19,95,36.902,215.138,198.39
30,276,2524,20.958,140.9,169.424,48,399,3120,33.422,204.177,209.436
19,168,1245,22.053,151.729,184.262,32,243,1587,36.377,219.655,234.919
1,18,143,15.243,152.736,152.218,2,23,175,22.002,188.278,186.394
4,32,191,28.695,174.412,171.013,6,43,238,38.804,236.536,212.362
18,212,1506,18.756,161.631,179.715,34,285,1831,34.581,217.826,218.546
18,185,1051,33.834,251.225,243.688,27,244,1304,49.397,331.039,302.436
10,72,461,38.68,203.779,226.828,12,96,554,49.536,271.559,272.555
5,54,376,23.176,169.239,205.868,8,82,495,34.769,255.473,270.788
16,120,797,46.74,259.301,273.131,24,162,974,71.363,351.077,333.691
12,103,728,33.527,220.482,243.222,21,141,929,57.981,301.44,310.628
4,26,172,39.926,210.568,179.857,5,33,202,51.799,273.49,211.253
8,95,648,18.618,160.74,161.21,16,144,837,34.619,242.964,208.328
11,132,718,22.151,166.997,153.47,19,175,875,39.198,222.028,186.848
20,212,1384,26.805,196.927,207.871,34,310,1693,44.97,287.464,254.373
13,111,642,29.924,195.451,173.595,20,150,816,44.819,264.077,220.691
10,71,511,41.915,224.609,269.871,17,102,631,70.829,321.114,333.158
16,138,855,34.145,219.449,212.634,24,173,1041,50.864,275.221,258.802
4,32,151,55.797,287.94,212.424,6,44,205,75.918,397.893,287.815
4,43,237,28.16,204.673,195.316,6,61,297,40.381,286.97,244.345
5,46,383,20.278,164.142,187.186,8,65,463,34.694,228.418,226.492
3,29,141,28.395,207.825,148.985,4,42,190,39.721,297.897,200.843
11,128,852,15.62,149.012,142.321,20,184,1003,29.552,213.777,167.401
5,52,281,28.874,238.681,205.626,8,68,340,50.76,313.622,249.054
24,326,2053,17.532,160.662,155.662,43,461,2469,31.791,226.791,187.165
23,205,1502,29.315,192.584,218.741,38,300,1821,48.459,280.865,265.208
2,20,99,40.122,216.429,208.266,3,28,127,54.354,308.735,267.735
33,283,1763,37.575,235.592,227.912,49,397,2207,54.958,330.582,285.297
14,113,639,42.736,271.044,255.898,17,148,794,53.455,354.22,317.876
9,86,477,30.025,206.941,165.628,13,110,621,44.915,264.282,215.476
27,284,1761,29.344,219.79,203.035,40,385,2184,43.626,297.681,251.702
1,22,125,19.908,181.954,174.298,2,31,152,32.762,253.207,212.517
14,111,786,37.788,220.342,230.752,22,155,968,57.176,306.206,283.986
3,19,112,40.695,206.524,200.761,4,27,141,59.024,298.484,253.495
20,165,995,39.364,240.555,221.171,29,228,1274,56.558,331.769,283.286
55,568,3291,21.923,182.22,184.216,89,756,4015,35.923,242.547,224.769
6,54,232,18.165,132.835,127.201,8,70,282,27.104,172.845,154.902
2,18,76,45.645,246.757,175.662,3,23,97,67.525,316.361,224.405
18,185,966,27.855,213.204,173.133,28,266,1234,45.116,305.545,221.15
13,125,942,24.306,169.592,185.981,20,163,1150,37.481,220.519,227.04
7,54,336,54.813,307.226,272.212,10,70,438,81.434,400.053,354.69
11,119,750,25.497,192.571,194.208,17,157,917,38.051,254.571,237.359
2,16,78,50.175,280.317,205.597,3,22,107,71.889,381.427,282.912
